1,GT18 LCCA IS8F 7DDA Q41B HDI8 ZDUC,6480.16,Ingreso,2023-12-19
2,IL73 1233 9254 4019 6066 376,-6552.0,Retiro,2023-12-19
3,BR81 2982 5200 8443 4512 3243 998C 3,8548.82,Ingreso,2023-12-19
4,LV29 WUWR Q47R 86Z0 IO24 W,6344.41,Ingreso,2023-12-19
5,FR61 5802 2741 01ZT BD2M TR09 641,2618.45,Ingreso,2023-12-19
6,LU24 954H 6VZZ TOXZ AD6L,1993.62,Ingreso,2023-12-19
7,FR16 1968 5336 70S3 J2F6 XRHN D62,2482.71,Ingreso,2023-12-19
8,GI74 OCQK ZT7X EH6E PUZU E2V,7734.62,Ingreso,2023-12-19
9,AD63 3679 1849 HFYC CU1D QKSS,-201.74,Retiro,2023-12-19
10,HR24 3568 3697 5761 7812 8,-7410.17,Retiro,2023-12-19
11,GL82 1840 6283 9218 10,8587.94,Ingreso,2023-12-19
12,FR47 9146 4108 47FR QZAQ HVQR S27,-1459.16,Retiro,2023-12-19
13,RS67 1785 2821 9292 0674 43,-6306.84,Retiro,2023-12-19
14,MK96 0184 VCVB UJK2 189,8815.31,Ingreso,2023-12-19
15,LI43 9770 5T7A 1YPF DK3T Z,3325.86,Ingreso,2023-12-19
16,FR80 8276 9399 46I1 EHCT WFQR W92,-4952.74,Retiro,2023-12-19
17,SE95 5400 9261 5018 6404 4294,-6304.91,Retiro,2023-12-19
18,CH66 9483 34R2 NDWS EL4Z G,-6365.25,Retiro,2023-12-19
19,SK95 0653 1144 3419 3093 6651,1773.59,Ingreso,2023-12-19
20,MK26 876Q XA1D 1VQL 056,8934.25,Ingreso,2023-12-19
21,MT03 ZMWY 7116 85RT 0EYK FMUD AZDA HQK,5854.97,Ingreso,2023-12-19
22,LT30 8636 9751 4639 8812,8622.81,Ingreso,2023-12-19
23,IL91 7495 2623 7459 8788 696,8883.38,Ingreso,2023-12-19
24,RS52 2438 2985 4178 6053 69,2572.02,Ingreso,2023-12-19
25,FR65 6389 7078 31NY 8ZSM PUDI K96,7273.9,Ingreso,2023-12-19
26,LT89 1564 6147 7766 3846,-9414.13,Retiro,2023-12-19
27,BH38 FXTW EQLG FDBD LMKU RH,1683.61,Ingreso,2023-12-19
28,HR63 7500 0028 5455 1844 2,2543.57,Ingreso,2023-12-19
29,GR94 2279 122L ARES M0JQ 3DIZ TKC,-9799.92,Retiro,2023-12-19
30,FR87 3400 0914 52PC HNZH IBXO J32,-3207.78,Retiro,2023-12-19
31,FR30 1812 8924 73XQ XB0M GH2P 529,8846.3,Ingreso,2023-12-19
32,SM06 G379 0427 954J NPBV LUKD XRG,-9138.73,Retiro,2023-12-19
33,MR49 2916 4512 8588 9946 5202 367,-1485.8,Retiro,2023-12-19
34,FI20 2164 9352 8984 25,4247.19,Ingreso,2023-12-19
35,LT93 9904 2786 8041 6405,6333.46,Ingreso,2023-12-19
36,SK38 9614 7147 9410 1487 1783,-3621.89,Retiro,2023-12-19
37,SA09 03ZH TRP0 MSON RKAC PBP2,590.46,Ingreso,2023-12-19
38,SK59 6145 4408 7062 2519 1997,-1295.9,Retiro,2023-12-19
39,FR22 0060 3051 20QD S4JF 4NMQ F13,7793.94,Ingreso,2023-12-19
40,FR18 4957 1537 75G5 33PS JAJM M48,-2222.14,Retiro,2023-12-19
41,HU56 8209 8434 4906 8732 6361 9628,9186.2,Ingreso,2023-12-19
42,BG38 JKUX 7455 41TH 3ZRZ X1,-3937.94,Retiro,2023-12-19
43,FR23 3870 9344 80QN IJDK QVBE N33,-3847.37,Retiro,2023-12-19
44,AD33 5082 2289 G2LO PBI0 RMLW,-658.7,Retiro,2023-12-19
45,FR76 1251 7091 09XE EELY ZUOV E05,2816.47,Ingreso,2023-12-19
46,KW08 RFQZ KDCR ONHW V501 K526 XKDP FG,-7050.33,Retiro,2023-12-19
47,FR10 9897 5713 03RG 04QM U50U A82,2666.26,Ingreso,2023-12-19
48,SM40 D114 7197 5736 UXBR AKDT NHJ,2858.6,Ingreso,2023-12-19
49,IE88 KJIL 2899 6577 7926 24,-8804.54,Retiro,2023-12-19
50,AZ61 VUVS 4RWE UZAQ 2JOG ZN0A 7PLI,-2833.23,Retiro,2023-12-19
51,FR15 3468 4806 56HF 9C2R HVWO I09,3234.82,Ingreso,2023-12-19
52,CH22 9377 2ENS CIBS 19MQ B,-622.48,Retiro,2023-12-19
53,CR29 9284 5261 9469 0323 3,-1099.34,Retiro,2023-12-19
54,LT71 6760 5623 8808 5968,230.89,Ingreso,2023-12-19
55,HR13 8741 1494 5726 7752 2,-1736.84,Retiro,2023-12-19
56,FR86 4907 4008 97NC DPFX D0FU I95,-5564.91,Retiro,2023-12-19
57,TR81 9852 9D56 MSZF SCIW D5UO TF,2440.58,Ingreso,2023-12-19
58,PT71 8485 5509 7787 6655 5451 2,-7313.05,Retiro,2023-12-19
59,EE30 8830 1716 8031 0175,-3162.9,Retiro,2023-12-19
60,EE26 8922 4815 8204 3904,-7747.04,Retiro,2023-12-19
61,BG62 CSGQ 0776 42LC 1GYO 9P,2877.22,Ingreso,2023-12-19
62,FR82 8866 0338 62AO MLY5 6CFB N34,-870.06,Retiro,2023-12-19
63,MR88 2997 4089 3563 7137 6926 221,-6116.63,Retiro,2023-12-19
64,LI21 4276 9GF6 UT2O 6VEP V,-7021.28,Retiro,2023-12-19
65,FR33 8289 2384 10W9 AXT6 GPAQ U36,-573.34,Retiro,2023-12-19
66,FR24 8369 2733 37BC J2VL XTPJ 823,-6160.63,Retiro,2023-12-19
67,FR59 4744 9364 35TV EJOU SFBA A02,-2779.92,Retiro,2023-12-19
68,FO12 4929 0203 4698 81,-1256.73,Retiro,2023-12-19
69,NO05 4476 3421 046,5748.36,Ingreso,2023-12-19
70,AD58 2027 8780 MW2P GDXS 02HU,-5138.08,Retiro,2023-12-19
71,AD59 2905 1182 UDUI AL4S ITMV,6099.35,Ingreso,2023-12-19
72,KW55 EWTF QKQI A9ZG M4TO NBKG IADD SF,2458.23,Ingreso,2023-12-19
73,RS56 4321 0777 8975 3748 52,-833.52,Retiro,2023-12-19
74,KZ58 378A DLAF VN9A LCKN,-5335.08,Retiro,2023-12-19
75,TR28 9652 8ANV T4RS FQW0 8KIZ M5,5707.98,Ingreso,2023-12-19
76,PL75 9265 2051 3971 7880 9050 4408,-1678.3,Retiro,2023-12-19
77,IT42 X927 3250 155T NJKD 0LUN UXV,-2377.43,Retiro,2023-12-19
78,CH82 7320 0JIH ZOSC B2AV K,-8765.07,Retiro,2023-12-19
79,KZ92 922I FFQT YB6V D6UG,-9571.7,Retiro,2023-12-19
80,BG94 QYDT 2972 81WB PFMF HD,-4869.16,Retiro,2023-12-19
81,RO47 NCZO YDGA TKYS GHL3 WXZB,-3699.12,Retiro,2023-12-19
82,PL18 9182 1117 5342 4775 7057 0633,-4111.21,Retiro,2023-12-19
83,EE80 5890 1666 1466 1539,2905.05,Ingreso,2023-12-19
84,IE66 ANBP 3458 3984 3320 30,6868.08,Ingreso,2023-12-19
85,AL93 4414 1080 UDYF BCEJ KUZV BXOD,5205.4,Ingreso,2023-12-19
86,FR39 0056 0041 29E1 MIK2 NA2M Q00,-7046.99,Retiro,2023-12-19
87,AZ27 IMRW BHTR 1AC1 UGNF IATQ AD4J,4046.58,Ingreso,2023-12-19
88,MU71 XODA 9785 7440 1402 3947 164L XI,-2145.54,Retiro,2023-12-19
89,FO71 3771 9006 7335 95,2495.32,Ingreso,2023-12-19
90,SE59 2933 9862 5409 8206 2260,-2120.5,Retiro,2023-12-19
91,KZ87 676B DUVF WWAD W5YU,4727.69,Ingreso,2023-12-19
92,BE18 2534 3285 8426,-2436.96,Retiro,2023-12-19
93,FR73 3685 1957 75OL JSXP M6KM N23,-9198.6,Retiro,2023-12-19
94,GL94 6190 6372 0420 76,-3185.93,Retiro,2023-12-19
95,DO26 TXWC 1557 4660 9676 4974 3735,-8588.39,Retiro,2023-12-19
96,AE02 0566 2444 0665 5169 880,-581.76,Retiro,2023-12-19
97,AD78 5791 1340 HVBN X1LX OLUF,-9738.37,Retiro,2023-12-19
98,ES10 2789 2749 7494 2407 0047,-7527.39,Retiro,2023-12-19
99,BA34 0857 6752 6557 3156,1109.19,Ingreso,2023-12-19
100,IT31 S744 7224 197I XGC6 2WGO 1KB,-2167.83,Retiro,2023-12-19
101,RO06 KOOT JC5E KB57 SWX9 GVI7,-6287.87,Retiro,2023-12-19
102,SE49 7323 5507 8467 5208 7139,-8076.8,Retiro,2023-12-19
103,EE67 6311 0097 5013 7116,-7188.1,Retiro,2023-12-19
104,AT47 3650 8395 6392 6581,-1829.59,Retiro,2023-12-19
105,PK46 ULQH DCNT XXKR X89J EREM,-3034.9,Retiro,2023-12-19
106,SI14 0708 0673 7515 076,8444.1,Ingreso,2023-12-19
107,FR82 6755 9044 30KH 4JX4 BIS9 S71,2773.21,Ingreso,2023-12-19
108,SI61 1782 3758 1278 927,5318.73,Ingreso,2023-12-19
109,VG80 CGIO 3930 1414 4079 2878,-6705.62,Retiro,2023-12-19
110,MR90 9311 1569 9578 6616 3441 329,-5940.84,Retiro,2023-12-19
111,MC48 8215 5628 82VD NXXF W2WM C68,7763.78,Ingreso,2023-12-19
112,MR93 2907 0362 2123 6484 2003 735,4811.81,Ingreso,2023-12-19
113,AL46 5414 8958 DJTZ D9WU VQAQ YTHI,8954.13,Ingreso,2023-12-19
114,HU52 0180 9407 2303 3014 7985 9741,-9995.95,Retiro,2023-12-19
115,PS27 MNSZ UROK VYAG VCW4 5FNX ORQR 2,-5381.85,Retiro,2023-12-19
116,LU98 4402 WXIB LFJV FNMU,-4334.49,Retiro,2023-12-19
117,FR85 0226 0588 86UH 4HIE FKGU P83,6709.41,Ingreso,2023-12-19
118,BH51 MXRQ W6JT 6WHJ 0MUT 9E,-6521.56,Retiro,2023-12-19
119,FR60 4712 5077 78XK X14J SKXX 442,2217.04,Ingreso,2023-12-19
120,NO87 9333 9377 554,-6139.75,Retiro,2023-12-19
121,HR35 1193 7790 9228 3765 6,2154.21,Ingreso,2023-12-19
122,GE03 BN52 9886 4721 3987 53,3444.28,Ingreso,2023-12-19
123,FR63 7492 7550 11PI RMV2 4OND G04,-5589.64,Retiro,2023-12-19
124,IT25 B438 5144 732H QXLY WARX ERN,5149.34,Ingreso,2023-12-19
125,FR77 6343 6622 78DR 2CO1 ADD5 D60,6776.29,Ingreso,2023-12-19
126,MD52 JSRI HZMG ZV0F SHIN HRWM,-9525.04,Retiro,2023-12-19
127,KZ44 418V F5VG DRBT RUOC,-7708.27,Retiro,2023-12-19
128,KW08 DMJU PM3Z BRF2 OVIJ EVMO 5PGY FS,-3024.88,Retiro,2023-12-19
129,LT87 7721 2705 6735 5841,-355.61,Retiro,2023-12-19
130,FR74 1959 0941 64HR PJC5 Q3RL 960,-6741.09,Retiro,2023-12-19
131,HR14 9277 7441 0630 4897 1,4669.4,Ingreso,2023-12-19
132,LV57 YOMV TTIX JGPU GRA7 H,8819.19,Ingreso,2023-12-19
133,DO84 R3PS 0620 1670 8610 2474 4314,9623.66,Ingreso,2023-12-19
134,RO89 QOHH MW5O ODNE XPFM Z5QW,3918.64,Ingreso,2023-12-19
135,RS45 1077 7467 9199 0897 40,3478.72,Ingreso,2023-12-19
136,FR70 7893 8021 26QW L6CJ YWWI E30,-1286.87,Retiro,2023-12-19
137,GB76 OOHA 1079 8015 1538 21,-8354.58,Retiro,2023-12-19
138,EE30 7739 0993 0071 2083,7836.37,Ingreso,2023-12-19
139,BH55 XWWQ OBPA XLC8 HZQW FZ,-8521.0,Retiro,2023-12-19
140,MR59 6010 9213 8512 3855 3630 702,-6945.29,Retiro,2023-12-19
141,PL65 1227 2640 4331 0306 3253 1069,1219.39,Ingreso,2023-12-19
142,SE62 8747 3538 4535 8416 9673,-5263.26,Retiro,2023-12-19
143,FR83 7896 5942 93G4 RNRG WRE2 U53,-5758.52,Retiro,2023-12-19
144,BH81 CQHC RLYE KFH7 O0DE GK,-518.1,Retiro,2023-12-19
145,CR08 2962 5668 0468 8018 4,-1018.07,Retiro,2023-12-19
146,FR44 0991 7312 22TF YGAH KAKK T50,4358.2,Ingreso,2023-12-19
147,KZ30 617A K4QQ YHOS PGUC,-9077.08,Retiro,2023-12-19
148,DE78 8410 2037 4415 2212 70,-2066.6,Retiro,2023-12-19
149,PK75 TQHX TYUG T3BK QQD3 PCTQ,542.75,Ingreso,2023-12-19
150,KW30 OIIF EOYD TZXJ RU0Q XMHC WTNA VN,1840.45,Ingreso,2023-12-19
151,GL57 8998 0907 0238 96,-877.24,Retiro,2023-12-19
152,GE33 UU36 3151 9028 1372 05,-7726.85,Retiro,2023-12-19
153,TR88 6244 24TD IGEV WI29 NQ2Q IE,-7365.87,Retiro,2023-12-19
154,IL58 6231 5447 6935 5272 107,-7049.14,Retiro,2023-12-19
155,BG50 AQEK 6577 81JH 9UO3 LV,8391.44,Ingreso,2023-12-19
156,GE39 CL31 1500 0856 9865 93,9922.71,Ingreso,2023-12-19
157,RO09 OWQK 9BEU 0RHO X9HZ F2F4,-6697.46,Retiro,2023-12-19
158,PS14 IHJL 8KRQ WCMD UEUX EYNK SGQE 3,3021.48,Ingreso,2023-12-19
159,PK87 HQSJ 4ZH5 MCIF V8MA MCU5,-3763.0,Retiro,2023-12-19
160,EE52 7088 7574 1448 9867,9498.94,Ingreso,2023-12-19
161,BG96 WCTC 9498 00CW YV7O UU,6998.67,Ingreso,2023-12-19
162,MR58 8359 0059 5209 2995 1215 332,5042.79,Ingreso,2023-12-19
163,HR67 0677 1995 9058 6635 1,4709.47,Ingreso,2023-12-19
164,DO09 GZTU 3892 2907 7394 6023 9883,3379.46,Ingreso,2023-12-19
165,TN50 7361 0123 7461 8181 5036,2701.63,Ingreso,2023-12-19
166,RS08 4648 6431 5868 4436 18,3245.46,Ingreso,2023-12-19
167,FI72 1083 6660 6534 75,9799.33,Ingreso,2023-12-19
168,EE71 0457 4396 4804 5107,1359.94,Ingreso,2023-12-19
169,FR12 4908 8021 76QM LIOY B9CY U50,-7231.99,Retiro,2023-12-19
170,GL32 0611 5928 5567 92,-2715.18,Retiro,2023-12-19
171,FR72 6763 9650 55TU H41H 4O9S O99,-2022.35,Retiro,2023-12-19
172,AL40 5610 0051 QC2D HRI5 NWBH 8GHN,6542.69,Ingreso,2023-12-19
173,IE87 KBRG 8030 8690 6422 16,-7664.68,Retiro,2023-12-19
174,BG31 VZVW 2893 79QU HTWA JN,-685.58,Retiro,2023-12-19
175,SE43 3346 2995 9734 7309 1611,6621.76,Ingreso,2023-12-19
176,EE09 3357 9977 5600 3883,-2930.1,Retiro,2023-12-19
177,NO60 5145 3444 193,-2743.32,Retiro,2023-12-19
178,PL76 6873 1089 7012 5607 5955 5143,-8116.8,Retiro,2023-12-19
179,FI17 3453 3366 7331 97,9253.3,Ingreso,2023-12-19
180,SM98 Y418 8979 591K TT4M XDDR X2I,-701.97,Retiro,2023-12-19
181,BR67 3432 3317 2356 0781 5852 994V 3,5071.64,Ingreso,2023-12-19
182,CR62 9984 7056 0691 3407 8,5290.53,Ingreso,2023-12-19
183,AT36 7259 3689 0187 4273,-7965.16,Retiro,2023-12-19
184,BH47 YBLW ITBK 0IDV ZF6P XN,-5620.97,Retiro,2023-12-19
185,BG98 YWRB 5173 56VN 2NDM NI,4955.4,Ingreso,2023-12-19
186,GE05 NU19 2399 0931 4973 26,-6882.24,Retiro,2023-12-19
187,FR29 7904 8559 54ET WCZT 2YQ7 K37,-1201.69,Retiro,2023-12-19
188,LV48 VQEH OLTL FHPH UENV Z,2645.86,Ingreso,2023-12-19
189,CZ78 2336 8697 5668 4790 1996,2845.81,Ingreso,2023-12-19
190,DO57 M4SW 2166 0030 4713 9862 6353,-2718.71,Retiro,2023-12-19
191,PT02 7470 3340 3970 9342 7368 6,9102.36,Ingreso,2023-12-19
192,MD88 VB9Z WQQH JJU4 85J2 VD2X,-4241.75,Retiro,2023-12-19
193,SM56 I189 5915 145I UVOD OUVP 8QA,7295.42,Ingreso,2023-12-19
194,TN42 7572 2306 9343 5633 7287,8012.06,Ingreso,2023-12-19
195,HU08 3481 3949 3432 1354 4593 7944,6078.96,Ingreso,2023-12-19
196,NO11 7673 0183 576,-2670.65,Retiro,2023-12-19
197,FR23 3546 1993 41OG NXD0 P8UY A08,-4828.07,Retiro,2023-12-19
198,SK17 4206 6545 6401 9547 0396,-6294.22,Retiro,2023-12-19
199,FO11 6555 7980 1696 73,7310.92,Ingreso,2023-12-19
200,HU91 8751 2862 9308 8131 8666 2743,8681.4,Ingreso,2023-12-19
201,FR41 7875 9252 94IY TGSO KEA2 J74,-8308.76,Retiro,2023-12-19
202,BH13 RLHD W2XJ OZSE AK5M VQ,8696.33,Ingreso,2023-12-19
203,PL98 1489 4369 1142 4956 8870 7881,7641.36,Ingreso,2023-12-19
204,FR46 4069 9958 30PL 6HPQ 4W30 H35,-4508.46,Retiro,2023-12-19
205,FR57 9255 5589 76ZR T9KW FOOM P43,-77.89,Retiro,2023-12-19
206,FR38 3989 6025 26VP 0WWO QFTG U78,2044.36,Ingreso,2023-12-19
207,VG35 KKXX 1741 7676 9078 6098,-6461.54,Retiro,2023-12-19
208,PK47 EWST FGYA MNDM 40DJ F7JV,7183.59,Ingreso,2023-12-19
209,LU21 934I VKI9 5VHY BGVF,5473.5,Ingreso,2023-12-19
210,FR44 7198 5844 13WR 6ZKQ BM4M Y66,5091.03,Ingreso,2023-12-19
211,PT41 8340 2251 2794 9057 1752 1,-1008.6,Retiro,2023-12-19
212,LV73 WFNB YAUN UAJW 7DQG X,-6316.65,Retiro,2023-12-19
213,FO33 8094 3921 3409 08,2991.5,Ingreso,2023-12-19
214,BA56 8727 9730 6075 8409,-5452.58,Retiro,2023-12-19
215,LU67 352P KGDW JUGX RGTJ,6009.44,Ingreso,2023-12-19
216,LU56 666F JRP7 OKJG AGXL,5851.04,Ingreso,2023-12-19
217,LU39 414S J6H1 1CZU AH26,-5463.22,Retiro,2023-12-19
218,PS16 SPBQ DRGO XVA2 NGP9 U0DG RKKH Q,7969.52,Ingreso,2023-12-19
219,GR20 3525 182F GWMY UMZU MMX6 VHE,-449.99,Retiro,2023-12-19
220,TR34 0076 0HIY W7CW P3CY DZKS QJ,-5613.08,Retiro,2023-12-19
221,SA25 42EJ RAGO NRTG 704L EB84,-4994.96,Retiro,2023-12-19
222,FI38 6607 5064 5263 16,3477.92,Ingreso,2023-12-19
223,LT23 5822 4004 2213 8225,-9144.09,Retiro,2023-12-19
224,HR63 4515 9942 0851 6590 8,-320.6,Retiro,2023-12-19
225,FR71 4203 9430 51SI UB92 6HKX T63,1039.94,Ingreso,2023-12-19
226,LU76 1877 8SH8 I8SE GPEJ,-6352.41,Retiro,2023-12-19
227,EE59 0443 8161 5615 3286,4525.38,Ingreso,2023-12-19
228,LB22 0977 OVD0 Z5KK N005 NRWN CFNJ,-7492.88,Retiro,2023-12-19
229,LB20 6365 GUW8 CQJK SSV7 DACE QWUE,2630.68,Ingreso,2023-12-19
230,BR97 1789 1809 2340 5907 8165 494E R,2016.55,Ingreso,2023-12-19
231,GE58 LO02 5894 6452 4115 62,-2099.69,Retiro,2023-12-19
232,SI75 5782 8279 6334 372,2764.47,Ingreso,2023-12-19
233,GB43 KLLP 5307 9851 6145 02,-9733.18,Retiro,2023-12-19
234,TN07 1966 7356 9848 4505 1038,9036.03,Ingreso,2023-12-19
235,PK38 DLSX CTN7 J04S UGAB 9PYC,-955.34,Retiro,2023-12-19
236,GB77 TJFO 6079 5635 1426 63,-3873.84,Retiro,2023-12-19
237,PK94 AXTU JBNX E0RU Y8ZI JRK6,-8658.55,Retiro,2023-12-19
238,DE06 1051 7056 4510 7969 11,695.55,Ingreso,2023-12-19
239,DO88 8N1L 7897 0804 6100 1962 1429,-4034.8,Retiro,2023-12-19
240,LU27 396G AXQA RNVT 7GQP,-264.11,Retiro,2023-12-19
241,MU27 KNVR 3482 6735 3503 7088 374F VV,7346.41,Ingreso,2023-12-19
242,HU67 6629 4149 3797 0690 1917 4231,2297.58,Ingreso,2023-12-19
243,DE32 7813 3788 5143 8104 06,8156.78,Ingreso,2023-12-19
244,AL24 1673 3573 UKQG Z1ZT R9FS 17ET,2338.82,Ingreso,2023-12-19
245,BH30 GDHR R0H8 UB0Y ROLM QU,-5423.19,Retiro,2023-12-19
246,CZ85 6325 3959 0625 7887 8603,-1777.87,Retiro,2023-12-19
247,HU81 7285 2606 2799 2942 4402 9012,-1274.0,Retiro,2023-12-19
248,HU93 2472 0940 9022 2389 3269 8136,-6838.65,Retiro,2023-12-19
249,FR08 2533 4828 67AU RC0S Q8L1 D92,9160.85,Ingreso,2023-12-19
250,FR33 3208 2466 29XV NPAE ZLSF R47,-8886.36,Retiro,2023-12-19
251,TR15 8226 0SHG FLE6 UNR4 EEUP 6N,2341.02,Ingreso,2023-12-19
252,PT52 8350 9451 7206 4222 1647 8,-485.34,Retiro,2023-12-19
253,LV70 TOMI JR9Y 6QU6 IDEA R,2361.99,Ingreso,2023-12-19
254,IL66 6497 5419 3342 1228 341,-1570.28,Retiro,2023-12-19
255,LT47 6313 5718 7400 6373,598.79,Ingreso,2023-12-19
256,AD67 6458 3300 QZ2P ARVB MOT9,3116.93,Ingreso,2023-12-19
257,IS37 9520 1371 0120 2855 3307 13,8628.74,Ingreso,2023-12-19
258,DO29 VXU4 3649 5149 7955 6125 1610,-808.77,Retiro,2023-12-19
259,RS72 9589 4829 9769 8669 08,-1163.9,Retiro,2023-12-19
260,MC94 4789 3458 785V SEHO 62UI F96,-800.85,Retiro,2023-12-19
261,CH93 3297 5F72 A1PZ MVJJ B,1799.39,Ingreso,2023-12-19
262,MC04 0533 8348 87WP ZGFX TD6J M36,7709.43,Ingreso,2023-12-19
263,AD84 7347 1898 E4SQ LPIJ TRWN,3735.27,Ingreso,2023-12-19
264,AZ98 PWEG ENJC FZRX HFMM KG5L WZYX,-1441.54,Retiro,2023-12-19
265,NL44 FQTH 9868 6541 51,9825.23,Ingreso,2023-12-19
266,DK66 9970 6167 4075 08,5988.47,Ingreso,2023-12-19
267,BA72 8704 9268 9975 1505,1753.77,Ingreso,2023-12-19
268,DE82 4177 3293 5643 6951 00,4273.48,Ingreso,2023-12-19
269,NL68 XYPN 1706 5008 52,-1924.56,Retiro,2023-12-19
270,NO41 8426 4395 360,3261.1,Ingreso,2023-12-19
271,AE16 6805 4973 6930 2638 277,4802.81,Ingreso,2023-12-19
272,NO52 5902 8201 303,-6539.35,Retiro,2023-12-19
273,FR57 0252 4557 62EW RCVE DDFC 302,2586.48,Ingreso,2023-12-19
274,BE91 5993 3538 8381,-9968.14,Retiro,2023-12-19
275,CZ93 6104 1829 1620 2766 1229,-4388.3,Retiro,2023-12-19
276,MU50 XIIT 3275 2430 7828 2204 926C YC,-4185.71,Retiro,2023-12-19
277,SE26 0602 8876 2791 9111 2598,2363.23,Ingreso,2023-12-19
278,LT51 7125 8703 7387 0192,7561.61,Ingreso,2023-12-19
279,NL61 KGCK 9932 3794 03,-9211.12,Retiro,2023-12-19
280,EE34 6819 3278 5775 1904,-6014.03,Retiro,2023-12-19
281,KZ54 849D UPKT DMVI 8PYI,5162.83,Ingreso,2023-12-19
282,FO13 6211 5308 6750 58,-3656.24,Retiro,2023-12-19
283,GI41 QIOC 1L2X UMMU QEFH ICV,7037.96,Ingreso,2023-12-19
284,LB20 2478 FGPY IWVB AR6E KCLQ O8F9,1300.17,Ingreso,2023-12-19
285,VG24 MCQY 4886 0340 2096 9779,-7643.12,Retiro,2023-12-19
286,IS93 5833 2421 5961 9549 0696 79,-7846.16,Retiro,2023-12-19
287,IS30 1260 3358 1513 9816 7910 85,-746.97,Retiro,2023-12-19
288,PK24 UOSE EM0Y HDCI YS8L VR4Y,-8295.26,Retiro,2023-12-19
289,LU47 441X OXSF 0LEX IYNI,1850.72,Ingreso,2023-12-19
290,NL37 DCSS 0851 0013 48,2644.09,Ingreso,2023-12-19
291,IT40 X251 2582 991T PM9Z 0N9G XQZ,-8634.75,Retiro,2023-12-19
292,FR30 8068 2632 03H6 IX7O TEZ1 S21,-5811.86,Retiro,2023-12-19
293,FR20 2607 1301 17A7 Z6TN SQEB F34,-5054.76,Retiro,2023-12-19
294,MC44 2396 5460 44J4 QMQK LERZ B88,-5405.62,Retiro,2023-12-19
295,MU58 SFFT 6748 9161 3777 7011 628K GI,-9603.99,Retiro,2023-12-19
296,DE98 2693 1380 0227 2394 70,-8357.87,Retiro,2023-12-19
297,SM15 E248 3353 276J WCLJ OW0M N8O,4254.73,Ingreso,2023-12-19
298,FR44 8112 6518 91B9 GECI U6S8 O60,2807.91,Ingreso,2023-12-19
299,KZ25 161N MZAI IMTG H79Q,-6994.88,Retiro,2023-12-19
300,BH90 SLVO PRFM BWEM F4SX QS,-7860.88,Retiro,2023-12-19
301,FR65 7512 5926 75VW KJXD FOKJ H70,-5256.59,Retiro,2023-12-19
302,GR58 6590 171B 1BRI PMXP V6LS KGM,7151.15,Ingreso,2023-12-19
303,FR03 4521 4851 367J MX4L R8N3 768,5621.36,Ingreso,2023-12-19
304,FR45 7246 1075 39CM QTRJ BXEZ E17,-6998.56,Retiro,2023-12-19
305,PT37 4030 5869 3662 5860 1904 9,6552.91,Ingreso,2023-12-19
306,GB77 OSPV 5954 7578 7618 72,-7794.72,Retiro,2023-12-19
307,FR82 6364 5233 99ZZ GK8U IRSI T78,3778.85,Ingreso,2023-12-19
308,SA93 90OY G4JB SJRR PSFS SY1Y,-4744.5,Retiro,2023-12-19
309,LB82 4349 XKRR X1FU GKUK PKGT POEV,483.63,Ingreso,2023-12-19
310,BR29 6644 3576 0723 9938 9096 878U D,-1966.82,Retiro,2023-12-19
311,BG63 ZYXV 4487 69VX TV0L AB,-1755.95,Retiro,2023-12-19
312,DO65 Y7HD 9805 0779 6442 8147 5492,3437.91,Ingreso,2023-12-19
313,AT57 2025 6530 1457 7554,751.22,Ingreso,2023-12-19
314,ES40 6997 0410 9913 6091 7482,-1952.71,Retiro,2023-12-19
315,FO58 4859 4377 1232 99,-3058.25,Retiro,2023-12-19
316,FI82 3124 3301 2116 50,6775.96,Ingreso,2023-12-19
317,IS53 2482 6132 8150 2016 9182 76,-6873.58,Retiro,2023-12-19
318,BR30 3987 6988 6162 0058 5644 458B 1,-1067.63,Retiro,2023-12-19
319,FR24 3209 4733 64F1 T0MM RBJW X64,-3598.8,Retiro,2023-12-19
320,FO90 5276 1738 1667 53,-771.72,Retiro,2023-12-19
321,FO49 2132 5481 4627 92,1114.13,Ingreso,2023-12-19
322,FR58 2512 8718 64CH ILUZ XWPL 407,-9994.13,Retiro,2023-12-19
323,LU68 2583 ZFYJ XE47 DN8E,8916.81,Ingreso,2023-12-19
324,MR75 9216 8965 4503 7116 6232 033,4681.93,Ingreso,2023-12-19
325,FO94 2270 6280 9363 01,-4007.94,Retiro,2023-12-19
326,SM64 A341 2448 784K 9HPO ZCPL ANI,4807.85,Ingreso,2023-12-19
327,DO65 UFJY 3413 4970 3458 2427 5842,6589.28,Ingreso,2023-12-19
328,PS52 GELK J78D YNI0 XFDC 4VY4 S23I G,665.04,Ingreso,2023-12-19
329,GB46 QMEI 2426 2064 7708 83,-9913.1,Retiro,2023-12-19
330,MR25 7145 9893 0576 5094 1401 568,911.54,Ingreso,2023-12-19
331,HR27 9791 9186 7844 1163 1,-380.66,Retiro,2023-12-19
332,GI25 OIKL H9JP HUCJ Z3IE Q04,-2480.22,Retiro,2023-12-19
333,VG62 ZSQT 7861 6279 4166 2292,-3175.25,Retiro,2023-12-19
334,FR41 0059 3681 24TQ RFR9 K53J C55,1952.17,Ingreso,2023-12-19
335,FO38 1819 1029 4872 72,3412.21,Ingreso,2023-12-19
336,AT47 4482 4020 6892 4456,-6307.26,Retiro,2023-12-19
337,BA25 7466 9212 2282 9014,3899.34,Ingreso,2023-12-19
338,FR57 0971 0999 55BR EXP0 CDJC J85,-7363.77,Retiro,2023-12-19
339,IT88 N619 6743 678E K5TK RZF7 Z8O,3800.45,Ingreso,2023-12-19
340,AZ33 ZGUP QVON CFE8 C6ZY J9UN VX6A,5038.07,Ingreso,2023-12-19
341,MU08 PBPF 1785 9955 8002 6073 882A LP,9006.03,Ingreso,2023-12-19
342,LV79 NBOI JNWN MLAG BTD5 Y,7020.63,Ingreso,2023-12-19
343,IE56 XZTW 8550 8646 7912 56,-7867.22,Retiro,2023-12-19
344,SE42 4325 4530 7816 7051 5468,5800.58,Ingreso,2023-12-19
345,BH84 RRRD CS96 IXON UJZA RN,-2324.53,Retiro,2023-12-19
346,FR08 1198 7344 44XY QNHQ JH2A U20,-3894.51,Retiro,2023-12-19
347,RS95 1176 4117 4775 1862 86,6071.94,Ingreso,2023-12-19
348,AL24 9309 2218 0U9N CQXO HZGG GHFU,-6793.69,Retiro,2023-12-19
349,FR89 9280 2404 606G J1RT JS4Z K37,-2139.38,Retiro,2023-12-19
350,IL50 1838 8742 4535 7270 893,-5099.72,Retiro,2023-12-19
351,HR38 5419 5369 3003 1624 9,-4206.06,Retiro,2023-12-19
352,FR31 6123 3574 48KX DOPT UKZC C55,-7975.22,Retiro,2023-12-19
353,FR58 2207 9330 93OH 2NNF SSHP K92,-7415.57,Retiro,2023-12-19
354,LI29 8313 7V4M NCPF 4BI6 X,-8491.13,Retiro,2023-12-19
355,VG04 ODUN 7655 2169 8202 8774,-4209.23,Retiro,2023-12-19
356,HU31 4769 1969 4438 5566 8605 8035,-346.62,Retiro,2023-12-19
357,GI09 CFXR URNW FCLW 4OBG LAG,-3003.45,Retiro,2023-12-19
358,CR21 7620 2417 3627 9849 5,-7547.41,Retiro,2023-12-19
359,FR56 2425 0873 35QC ZEJO M8TW R08,-4806.53,Retiro,2023-12-19
360,RO36 PUVJ MEY9 2XLA JXVT B2Y5,6620.34,Ingreso,2023-12-19
361,FR47 5886 0972 42UK 6EWZ DTLP K06,5572.67,Ingreso,2023-12-19
362,SA23 25JW NRIL EGYS 3POP UGWB,8804.38,Ingreso,2023-12-19
363,MR91 9070 2424 1491 8836 5690 165,-2224.6,Retiro,2023-12-19
364,HR46 7645 0448 9149 0972 1,-1006.99,Retiro,2023-12-19
365,FR17 6848 8436 45OT 30R0 CB8N F78,-4768.88,Retiro,2023-12-19
366,FR59 4519 6263 68IK 2EJU LI94 E89,5568.26,Ingreso,2023-12-19
367,LI50 0810 5LW1 ZPRF N4IK G,919.53,Ingreso,2023-12-19
368,FR81 8448 4297 40XR 9MSE QRGQ I43,7958.04,Ingreso,2023-12-19
369,GI85 LYAN 5GMN MESN XBIM LWF,7146.66,Ingreso,2023-12-19
370,CY91 3073 6117 UTA0 N7FZ ELIH KUVM,-1849.94,Retiro,2023-12-19
371,BH06 KYMK IP8G UAQK QRHG CQ,-72.21,Retiro,2023-12-19
372,LB74 2963 FHXT MRCJ 96VU 0PDX Y7PV,7503.13,Ingreso,2023-12-19
373,FR64 9176 3487 22PH WSPO NSAI R17,-762.02,Retiro,2023-12-19
374,GE47 RE28 8420 7775 2537 86,-7429.07,Retiro,2023-12-19
375,FR36 6456 1506 72PK 5POJ ZW8G K56,1726.02,Ingreso,2023-12-19
376,LV87 CSHN R3W1 LC9X NUN5 Y,8514.12,Ingreso,2023-12-19
377,LU67 317B 0TYF EYQB 9Z4I,-6839.0,Retiro,2023-12-19
378,DE65 8148 7733 9369 8712 92,677.46,Ingreso,2023-12-19
379,FR26 3566 4639 68G9 1GQU HMV7 R93,2313.68,Ingreso,2023-12-19
380,GE06 PF04 2145 7369 1482 28,8619.81,Ingreso,2023-12-19
381,FR06 7068 0707 13YL Z05V OKRH K95,7580.65,Ingreso,2023-12-19
382,TN93 2846 5035 6042 6346 7377,-9853.23,Retiro,2023-12-19
383,DK57 0581 4711 6675 50,-7636.29,Retiro,2023-12-19
384,RO61 WNOO I6HF YBR8 FOPR 4H4I,6810.57,Ingreso,2023-12-19
385,GR57 5065 476S J8R1 PCL0 CMLT SBK,-8775.38,Retiro,2023-12-19
386,BE08 9144 6723 0877,9101.76,Ingreso,2023-12-19
387,SK65 5627 1098 9491 5494 4499,-7245.2,Retiro,2023-12-19
388,BG88 PACA 1090 31W4 DWYC NJ,3366.33,Ingreso,2023-12-19
389,AL68 6880 1426 1RV2 SF77 Z1PK MNQD,7362.94,Ingreso,2023-12-19
390,FI60 3994 3621 6236 60,-4784.65,Retiro,2023-12-19
391,LU75 0424 WAZY JQE1 JFPH,-8742.82,Retiro,2023-12-19
392,HU65 4580 6651 4795 4751 6225 8877,3099.21,Ingreso,2023-12-19
393,NO32 2639 0675 392,2067.82,Ingreso,2023-12-19
394,RO80 TPSF YEYI 4JFJ PX2Y KLT3,-3210.15,Retiro,2023-12-19
395,FI56 9477 2255 7121 44,8267.84,Ingreso,2023-12-19
396,ES33 2838 1366 0397 5271 8770,-217.9,Retiro,2023-12-19
397,FI91 9625 1391 4738 38,5676.96,Ingreso,2023-12-19
398,AD69 5200 0909 76UZ SS5S JLUH,-7923.28,Retiro,2023-12-19
399,FR76 5586 8367 44DU N18L MMNI S57,-4341.58,Retiro,2023-12-19
400,MR56 4670 1059 9103 1343 3578 990,-7674.57,Retiro,2023-12-19
401,AE38 0436 9821 6966 5120 944,-2346.2,Retiro,2023-12-19
402,BG36 ICOH 8574 50P0 TWEY IJ,4334.12,Ingreso,2023-12-19
403,SA87 76KI YUYY LXSI 4RP5 RF3F,-9743.0,Retiro,2023-12-19
404,MK16 106W UNJ6 NLK6 R87,5076.98,Ingreso,2023-12-19
405,FR88 9177 9477 25SB NQSE GL3R J13,3911.54,Ingreso,2023-12-19
406,MD78 6X1J QHBV 6XSD 91J5 O10F,4831.47,Ingreso,2023-12-19
407,RO04 ZJDI CUYC HFV9 KXVI NKTD,-7761.03,Retiro,2023-12-19
408,BH56 BRJR 78T5 LARE 2FBE 1D,1210.8,Ingreso,2023-12-19
409,DE70 9138 7484 9536 2932 15,-7638.23,Retiro,2023-12-19
410,GR09 5618 746O ZFSG IRQQ DWMS QGV,-9555.91,Retiro,2023-12-19
411,BH55 ETSI 3UTA EJ56 FTID G3,-95.49,Retiro,2023-12-19
412,FO03 7035 4169 4548 34,2675.95,Ingreso,2023-12-19
413,AT05 0247 8339 4571 5188,-4452.71,Retiro,2023-12-19
414,KZ85 496A LOL2 LFJJ MCQN,5280.57,Ingreso,2023-12-19
415,AZ40 CTNK XW1H 6BYG WPGW EHIX GMUY,2760.6,Ingreso,2023-12-19
416,CZ59 0274 2483 1739 0751 5223,7502.13,Ingreso,2023-12-19
417,KW42 YGMC TX1S GGWK HWTW LGMU NZVM 6J,793.63,Ingreso,2023-12-19
418,TN34 4554 4709 5528 1449 9691,3854.55,Ingreso,2023-12-19
419,NO21 9703 1127 932,-337.52,Retiro,2023-12-19
420,DE39 8209 8314 7604 0003 57,8473.13,Ingreso,2023-12-19
421,LB09 3726 HV1U RXDT LLGC GHAD FUI3,-4886.16,Retiro,2023-12-19
422,HU04 8947 8964 2152 3665 5257 1161,-9818.21,Retiro,2023-12-19
423,RS60 7082 4084 4135 1319 97,-281.91,Retiro,2023-12-19
424,RS18 2584 0885 4695 4466 24,3701.06,Ingreso,2023-12-19
425,FR59 9902 1898 581Y PF56 CRX9 J07,1141.28,Ingreso,2023-12-19
426,PL79 0819 0702 9150 5456 2526 7383,-3235.35,Retiro,2023-12-19
427,LV30 UPRI RJ6G XREC F0NG B,-7587.74,Retiro,2023-12-19
428,FR41 9891 1108 03LQ ACOX 4J4U X04,3528.29,Ingreso,2023-12-19
429,MC73 4126 8606 63K9 KUEI 0XGR E56,7884.46,Ingreso,2023-12-19
430,SA17 79ZT CLUJ XMES VGAB ZDA2,442.28,Ingreso,2023-12-19
431,DK53 0364 2067 9460 68,-4516.19,Retiro,2023-12-19
432,BA69 7487 1428 8686 0562,7863.34,Ingreso,2023-12-19
433,HU02 1469 7146 5429 3227 8242 8900,-7542.64,Retiro,2023-12-19
434,LT50 2995 7318 5389 8726,5844.61,Ingreso,2023-12-19
435,FR53 0846 8972 71AT F51N JGON X49,-204.16,Retiro,2023-12-19
436,LB23 6949 MMJM CQ3V KWTX Z9EH BLIG,-9649.5,Retiro,2023-12-19
437,BA81 3261 4479 6737 8925,-8120.48,Retiro,2023-12-19
438,PK13 NIBV XPD8 O0XK JSHA LLQX,-272.31,Retiro,2023-12-19
439,BE53 4442 8142 8385,-9111.38,Retiro,2023-12-19
440,GT80 ALAK AMOO J3XC NSGH NSEZ F5LX,-7626.48,Retiro,2023-12-19
441,IS95 1698 1216 6406 7662 3586 86,1401.69,Ingreso,2023-12-19
442,KW45 PXZD PXLI 0I2I 4RVY UUCE HKPU 8M,5723.84,Ingreso,2023-12-19
443,FR40 3149 2059 22LN CXVY NRKO Y88,-552.23,Retiro,2023-12-19
444,MD26 SKCF S6YP UCNU VQYR HRCT,8280.74,Ingreso,2023-12-19
445,MR84 8931 5039 7151 0871 6064 525,-7746.81,Retiro,2023-12-19
446,GT91 5XIC FI4N T6M3 XCNE 7UBR WL6L,-6387.12,Retiro,2023-12-19
447,FR71 9205 1790 038E YCUJ 0CQC 335,9019.83,Ingreso,2023-12-19
448,LI16 6842 2HFT CTW3 I40D G,-7125.82,Retiro,2023-12-19
449,FR04 1054 1801 06CP KO7V WAPH W75,-9391.19,Retiro,2023-12-19
450,MU86 UUTY 5476 4562 7385 8287 269X KA,-6125.67,Retiro,2023-12-19
451,TN44 7731 6018 7747 5922 3652,7068.63,Ingreso,2023-12-19
452,TR80 1138 7KEM LZ7O B3F2 JULM 9M,4509.4,Ingreso,2023-12-19
453,BE35 5515 9856 2400,1916.89,Ingreso,2023-12-19
454,FR61 1431 6621 5530 KV6G SR3Y L01,-9758.75,Retiro,2023-12-19
455,LT53 8931 6894 3608 5618,9240.95,Ingreso,2023-12-19
456,DK98 0414 3689 3983 97,4335.11,Ingreso,2023-12-19
457,LI12 3511 776R J7VA HNHC H,3658.43,Ingreso,2023-12-19
458,LT76 2313 7809 1368 0461,7259.06,Ingreso,2023-12-19
459,AZ69 HTVX 4J1J SCJP RJX9 RVYE MV0S,-7116.06,Retiro,2023-12-19
460,MK60 2600 ZPI7 AHMF B68,-6303.57,Retiro,2023-12-19
461,TN18 9219 7627 2108 2242 2260,7683.32,Ingreso,2023-12-19
462,TN15 7814 2508 9760 3927 5568,-7040.57,Retiro,2023-12-19
463,FR71 6693 3050 762A P0YW RVJY 454,691.54,Ingreso,2023-12-19
464,HR44 0913 1798 7207 0856 3,-7113.47,Retiro,2023-12-19
465,AD59 3609 1134 LRSE WMIT LHP3,-135.74,Retiro,2023-12-19
466,MK46 156J 88OL UU8Q Q88,5439.67,Ingreso,2023-12-19
467,CH72 0793 9UZR EQMN 23GQ H,705.96,Ingreso,2023-12-19
468,PL24 3984 8619 8405 2046 4091 4695,-8859.46,Retiro,2023-12-19
469,SM65 R497 7500 979U FWX2 CHV6 TGL,2720.9,Ingreso,2023-12-19
470,KW50 AVNR LHDP C0SD 9UX6 324W HD5M KQ,-1299.7,Retiro,2023-12-19
471,MR29 3379 8429 1532 2098 6383 057,-4351.54,Retiro,2023-12-19
472,FR94 6957 2949 026I YSK6 0GNJ K54,7558.87,Ingreso,2023-12-19
473,AZ98 NMBA LHUD AJB1 HJNP JW0C J7OW,-6031.38,Retiro,2023-12-19
474,BH35 UUKV H2VC RS7Q 5HKE 1S,-441.97,Retiro,2023-12-19
475,FR53 0866 7684 45DS 7O2J MRDY S59,-1725.6,Retiro,2023-12-19
476,CR62 2709 1701 7192 4747 9,7537.43,Ingreso,2023-12-19
477,BR90 8120 2666 8635 1073 8192 597M M,-795.33,Retiro,2023-12-19
478,FR25 9950 8229 52LF QCDN J2B5 X54,-5515.62,Retiro,2023-12-19
479,ES65 9521 3274 5171 2418 7424,-8595.86,Retiro,2023-12-19
480,FR35 4868 8470 21PM A4FV VROA H22,-8893.78,Retiro,2023-12-19
481,MK82 360B EFD2 C1PN I42,2843.15,Ingreso,2023-12-19
482,IS54 4212 3702 6654 2925 0403 21,-4140.16,Retiro,2023-12-19
483,BR64 6213 8466 4009 0594 5056 844T L,1103.81,Ingreso,2023-12-19
484,LB52 0271 PNQU XLAR 4SKP FCYZ RMJI,-1037.33,Retiro,2023-12-19
485,ES70 2177 1653 4759 0790 2849,-6949.75,Retiro,2023-12-19
486,LI42 7104 9230 GGNR BPC5 A,-6412.56,Retiro,2023-12-19
487,IE19 FHZE 8278 2999 4463 41,-9438.11,Retiro,2023-12-19
488,IT28 B221 7401 748X 7QJG FHZB PD2,-3349.0,Retiro,2023-12-19
489,FR53 8001 1988 83BB JZJE JLZU X36,8196.76,Ingreso,2023-12-19
490,FR08 6136 7120 02XK A0TA MEWM P90,-9965.14,Retiro,2023-12-19
491,FR74 0423 2399 95M9 OU3Y WGEW T51,5400.7,Ingreso,2023-12-19
492,IT40 Z443 3527 5965 RTG4 POKT XR0,2335.43,Ingreso,2023-12-19
493,GT24 R0A8 UVIM BXZO IA1O BYBH 6JC0,-3183.91,Retiro,2023-12-19
494,SA51 65UA IVHG OFKM WEKN 1JBB,5015.2,Ingreso,2023-12-19
495,GL22 4240 4062 3523 21,-8384.83,Retiro,2023-12-19
496,FR62 7771 7562 439D T7IO CAHY J12,-5210.05,Retiro,2023-12-19
497,FR26 2019 2369 66KC P5HR X0J5 663,-8349.43,Retiro,2023-12-19
498,MC40 0501 4860 00SQ YRXA GFLU 558,-1661.84,Retiro,2023-12-19
499,FR11 7869 0158 91IT 0YMD E2DH Y11,-2937.57,Retiro,2023-12-19
500,SI23 1246 9893 7311 054,-8106.15,Retiro,2023-12-19
501,DK83 7666 3086 6920 40,2359.63,Ingreso,2023-12-19
502,BA88 8313 1655 2772 5108,9577.88,Ingreso,2023-12-19
503,SI52 2723 0442 6131 863,6938.31,Ingreso,2023-12-19
504,ME30 2968 7132 5689 8858 13,-1370.12,Retiro,2023-12-19
505,FR47 7107 4366 46PW 83UO AG0W S34,-6382.73,Retiro,2023-12-19
506,RO64 WDLA 6CD1 BJ4O BEM6 PUVX,7445.72,Ingreso,2023-12-19
507,AL19 9889 0980 LLWY QDVE YXYB N5BN,1933.12,Ingreso,2023-12-19
508,SK10 4632 6395 9824 6483 6530,8266.56,Ingreso,2023-12-19
509,AE43 6035 1294 3845 0407 467,-134.7,Retiro,2023-12-19
510,FR10 5489 1098 717J UKWQ FG9K 282,1782.45,Ingreso,2023-12-19
511,FR96 7314 0269 86TH NEWQ 2THJ D66,4647.96,Ingreso,2023-12-19
512,FR15 3800 7353 17YT JH2A F4J7 S36,-7325.06,Retiro,2023-12-19
513,ME13 6064 4348 6310 3657 98,-1917.45,Retiro,2023-12-19
514,NL55 EZKG 0778 6953 79,-9957.98,Retiro,2023-12-19
515,GI22 LHRE DKMQ 9OCG 8CTN Q5P,-9294.69,Retiro,2023-12-19
516,VG96 PEYN 7590 0105 5389 7251,7208.58,Ingreso,2023-12-19
517,LU34 977S ZRVC DS2E HNOK,9840.66,Ingreso,2023-12-19
518,NO71 1668 3059 414,1195.31,Ingreso,2023-12-19
519,HR46 2054 4799 1131 9235 3,-8094.03,Retiro,2023-12-19
520,KW27 RXVQ EUA0 MFM0 SUIU F3SD EBR5 PP,9525.45,Ingreso,2023-12-19
521,BE96 0674 8912 6353,413.21,Ingreso,2023-12-19
522,DO60 FBFM 6424 9896 6907 2090 0538,-9721.15,Retiro,2023-12-19
523,FR98 5042 6529 906H B2ES L6JL C01,2315.93,Ingreso,2023-12-19
524,GL88 0830 9708 7447 60,-3647.61,Retiro,2023-12-19
525,VG94 EIUN 3709 4397 0839 9337,-3431.26,Retiro,2023-12-19
526,GB56 GUML 7679 4639 0799 76,5500.07,Ingreso,2023-12-19
527,KW05 UJGD BC5X HWT7 BEL5 4N7A JSNH CN,-231.7,Retiro,2023-12-19
528,ME37 9766 8847 3611 0688 21,-8314.4,Retiro,2023-12-19
529,AL64 9230 2785 IR2P 1UPK PN3I LCM9,-4164.61,Retiro,2023-12-19
530,FR72 8736 1755 65KR MMGJ 3EZZ L71,9846.85,Ingreso,2023-12-19
531,FR83 8463 1397 4694 8EPP 8JB8 T90,-2958.69,Retiro,2023-12-19
532,DO92 9KNQ 7832 8820 3165 5365 4663,4393.01,Ingreso,2023-12-19
533,BR25 1172 0552 0222 3959 8777 288V L,-5758.7,Retiro,2023-12-19
534,MU75 ZGIL 3356 6987 0472 8704 001F BQ,-6041.03,Retiro,2023-12-19
535,DO46 CCFB 7019 3463 9211 3914 0978,1865.0,Ingreso,2023-12-19
536,DE94 9822 1444 6027 6321 99,-3380.56,Retiro,2023-12-19
537,EE94 7826 6131 5591 2531,4766.62,Ingreso,2023-12-19
538,DK78 9141 8775 5257 13,6540.77,Ingreso,2023-12-19
539,PS51 WEPT NPER HSGQ UMNR WSQS 0DXH X,3546.15,Ingreso,2023-12-19
540,FR61 8861 7067 29KY 2GBG 99AU D70,-8759.79,Retiro,2023-12-19
541,MR06 7575 9790 4689 6969 4001 349,3014.22,Ingreso,2023-12-19
542,FR14 7444 9763 74TV TWGT 28BV 366,5364.72,Ingreso,2023-12-19
543,BA85 0690 7388 6936 4355,5092.15,Ingreso,2023-12-19
544,FR89 2933 8031 88ZX FBQR SFRO F13,3013.2,Ingreso,2023-12-19
545,HR51 5539 0988 1248 5145 9,8150.38,Ingreso,2023-12-19
546,BG25 FSWR 4122 594M ARSE LC,-4296.14,Retiro,2023-12-19
547,SI76 5213 3837 4451 454,9759.62,Ingreso,2023-12-19
548,GE08 QB18 1710 8993 2188 75,9075.43,Ingreso,2023-12-19
549,FR11 9702 0349 60IG A8E0 TI7M P93,6886.7,Ingreso,2023-12-19
550,CH37 4192 1INR MLSI SUF3 L,-388.95,Retiro,2023-12-19
551,BR98 6377 1637 0536 3443 1016 113B D,-5671.45,Retiro,2023-12-19
552,FR77 8008 5400 83KL FTWE Y8DP T93,-6239.02,Retiro,2023-12-19
553,PS95 KPOV MWT5 AQI6 IL2E ZNDF FHFV Z,-6270.65,Retiro,2023-12-19
554,GI52 KAUN PFT1 H9I0 FWRR SXO,6251.58,Ingreso,2023-12-19
555,IS80 9709 2957 0364 7527 1494 51,8526.26,Ingreso,2023-12-19
556,AT82 0242 0079 3175 4930,-1645.41,Retiro,2023-12-19
557,KZ78 071T RJXQ GZZU AMTV,-978.95,Retiro,2023-12-19
558,HU75 9652 9747 0022 4091 3359 0200,-8588.67,Retiro,2023-12-19
559,CY45 4438 8827 KC7W RJBF HLTZ BPZH,-8306.3,Retiro,2023-12-19
560,FR78 7571 3062 30WI 4HJD X2XR J39,-9646.35,Retiro,2023-12-19
561,HR94 1117 9518 3258 6474 7,-2413.01,Retiro,2023-12-19
562,PT42 5499 5244 6916 5338 9946 1,6554.39,Ingreso,2023-12-19
563,VG02 YNSF 5996 4562 8291 5460,5088.88,Ingreso,2023-12-19
564,MD69 UWUS ZENE 6EGG A32F FIQR,-8846.96,Retiro,2023-12-19
565,GL48 0887 7698 8326 53,-3903.91,Retiro,2023-12-19
566,GI32 LWHZ 2QR2 VRDG 48YK HIK,-6028.99,Retiro,2023-12-19
567,FO05 1926 5515 8344 73,9308.22,Ingreso,2023-12-19
568,NO57 3907 9080 624,-8201.76,Retiro,2023-12-19
569,NL30 UUCZ 8369 0112 10,-1289.58,Retiro,2023-12-19
570,AE50 5693 9284 8156 4107 999,-840.01,Retiro,2023-12-19
571,FR97 8047 4376 23TK TCLT SYYL F65,-73.35,Retiro,2023-12-19
572,AZ26 PDMA NP6K FTI3 0MWR P6WF QDJA,-7177.33,Retiro,2023-12-19
573,BG46 UXKQ 3279 18WF SOHQ K0,-7425.4,Retiro,2023-12-19
574,PT79 3319 3456 5735 6681 4810 2,618.1,Ingreso,2023-12-19
575,BH88 LPPH QGAO OJ99 P4Z1 GQ,5511.5,Ingreso,2023-12-19
576,CZ47 0557 7804 4404 3544 0276,5764.53,Ingreso,2023-12-19
577,LV77 QIEH WA3C QDAV SG4Y O,2147.44,Ingreso,2023-12-19
578,FR86 5491 0739 55RS 4WHY 5BQT 280,-1651.15,Retiro,2023-12-19
579,FR30 1312 9940 43F1 7JTG V42X J73,9234.91,Ingreso,2023-12-19
580,AD63 3552 1448 NXUP ZUCJ BWDM,866.68,Ingreso,2023-12-19
581,ES38 5681 2135 2136 6514 6638,7124.13,Ingreso,2023-12-19
582,KW64 RNWJ SJTP WUCM BF6Z DRN7 OJIT G2,-5246.27,Retiro,2023-12-19
583,FR84 4303 3101 66VG 10ER FPKS N94,-7787.59,Retiro,2023-12-19
584,FR31 7477 7577 71XY Q8TI 1DAZ Y64,-1825.18,Retiro,2023-12-19
585,LV61 NDBW ZX0M ZLZK 3834 N,-1084.94,Retiro,2023-12-19
586,MT90 XTQW 3943 3FX2 48ZE ZJKX SBEK FF8,8099.15,Ingreso,2023-12-19
587,FO98 4749 4689 2499 13,2813.25,Ingreso,2023-12-19
588,MD90 9KVE JHFV BVC6 MZL0 O3MN,4322.46,Ingreso,2023-12-19
589,TN06 9969 2479 3372 0692 3401,-9422.28,Retiro,2023-12-19
590,SE51 6175 4978 2354 3974 6484,2308.14,Ingreso,2023-12-19
591,SE61 6213 4193 4736 7893 7627,4959.9,Ingreso,2023-12-19
592,PS98 UFVO DDVX WBYA YGAH A18S LXCR L,6074.48,Ingreso,2023-12-19
593,LI19 2451 4QQO GFKD Z9EK Y,-4342.93,Retiro,2023-12-19
594,CZ30 4523 4725 6232 7355 7767,-4507.27,Retiro,2023-12-19
595,KZ65 127D 4SDE AZJG NAOP,5613.78,Ingreso,2023-12-19
596,MK51 624B TEFM W3Z0 Q74,-3295.87,Retiro,2023-12-19
597,LT27 5559 7705 4389 1183,-434.59,Retiro,2023-12-19
598,AZ09 WPRV 6COO XUQS OUZZ AA0K 29P0,639.06,Ingreso,2023-12-19
599,AZ83 DSHX VFQ8 PK8M AOGM VOWA JD2E,-7933.62,Retiro,2023-12-19
600,AE66 7924 2084 2374 2812 990,-2260.58,Retiro,2023-12-19
601,NO50 2274 6674 128,6294.64,Ingreso,2023-12-19
602,DO65 GV6E 2681 8489 3845 8469 5277,-3383.35,Retiro,2023-12-19
603,PT83 9401 2763 1734 2839 8088 2,-7904.15,Retiro,2023-12-19
604,GT93 MUVF IMQA ZKYY XRTQ LTD5 4HXT,6149.08,Ingreso,2023-12-19
605,DE21 0152 0132 1957 1916 06,-6152.96,Retiro,2023-12-19
606,RO36 XTDA FSFQ 3XUE YJYJ NP1O,-6120.25,Retiro,2023-12-19
607,FR58 9470 3417 217S ENG0 R4PS S68,-2151.74,Retiro,2023-12-19
608,PS42 IRVQ B9NT ZGP8 HDSF AZG5 TOHD I,-9512.93,Retiro,2023-12-19
609,PK87 LLJR NA2P Q2IW HOGR KWRC,-8320.73,Retiro,2023-12-19
610,FR45 2598 2441 80K7 R2OB NPE1 A13,-8470.24,Retiro,2023-12-19
611,SM69 X319 5090 8064 WHOL APWX XNT,950.38,Ingreso,2023-12-19
612,MT53 REIM 4062 2KVF TM1V FGQ6 NGBX XSS,4365.26,Ingreso,2023-12-19
613,CY83 0287 8992 WUJA O3BN YZP3 FU1X,568.42,Ingreso,2023-12-19
614,BE79 3728 8511 8498,8906.82,Ingreso,2023-12-19
615,KW03 EUWZ 8H4Z UYWA VP42 IYGZ EKB8 LR,5587.09,Ingreso,2023-12-19
616,MC26 2297 4327 23TW MGQG BNX1 X33,-4227.32,Retiro,2023-12-19
617,ME11 7736 1303 0376 1971 86,3429.15,Ingreso,2023-12-19
618,DO86 BGIR 1578 6407 3609 3279 1084,4611.27,Ingreso,2023-12-19
619,AL60 3304 9161 T7ZC IISU IZ0O 1XTN,7892.38,Ingreso,2023-12-19
620,TR51 6386 7EI9 TAAJ 6VMF 0WMI PJ,962.68,Ingreso,2023-12-19
621,GE56 JT00 5781 1190 2132 81,-770.99,Retiro,2023-12-19
622,AL77 6996 5696 RHSR 5EUL 3NIF 5EWG,6846.71,Ingreso,2023-12-19
623,SK69 8394 6665 5746 5753 9864,1352.4,Ingreso,2023-12-19
624,FR45 0769 6919 339P B3CN VIST B92,6957.48,Ingreso,2023-12-19
625,MK92 912P GBHD SG0J L89,-6594.22,Retiro,2023-12-19
626,SM58 Q788 5114 9159 TT1D FXXQ W4D,-8798.37,Retiro,2023-12-19
627,BG52 CGQA 0578 92SY 292Y GF,-3179.0,Retiro,2023-12-19
628,TR58 3233 4HFO IL4Q UWCK NFGL FJ,4439.9,Ingreso,2023-12-19
629,IS38 3863 9223 8372 7259 6359 33,7041.48,Ingreso,2023-12-19
630,TR93 1234 1YMQ P4GF B4NV XZHS WC,8835.33,Ingreso,2023-12-19
631,ME38 5627 4421 0429 2297 30,5942.55,Ingreso,2023-12-19
632,LI67 3162 1ZWS LJWM TOP4 3,9959.46,Ingreso,2023-12-19
633,FR86 8689 5800 934H EXQR ZVDF F25,-675.47,Retiro,2023-12-19
634,HR70 9873 6066 2201 2499 0,-8596.07,Retiro,2023-12-19
635,LV28 GGBF WM2H LTMN SZE1 H,-2210.66,Retiro,2023-12-19
636,MD86 NFJF SQLP DEGM T5T0 Z9HO,-5631.92,Retiro,2023-12-19
637,TN16 6110 4020 7994 6574 3792,-9821.73,Retiro,2023-12-19
638,BR04 5978 0157 5772 7339 7676 550O V,-4834.85,Retiro,2023-12-19
639,FR03 8726 0018 20RD BWDY DUNU O36,-1688.35,Retiro,2023-12-19
640,CY16 3078 1211 VYO7 NBLA 27HM UECW,-4699.04,Retiro,2023-12-19
641,NL90 SHWK 1611 7425 52,-214.19,Retiro,2023-12-19
642,AL28 6692 8147 HKPK ODLN BAK1 FQTD,2458.79,Ingreso,2023-12-19
643,SK84 6892 0156 6533 9684 0794,7038.12,Ingreso,2023-12-19
644,GT83 6RFD YIFK KRMD 9JDW MSV6 GCCS,8719.14,Ingreso,2023-12-19
645,LB71 1721 U1MQ XHAO 9VPM GTBK ZZM6,9541.25,Ingreso,2023-12-19
646,AE25 8575 0153 2960 0027 732,5020.76,Ingreso,2023-12-19
647,FR85 4427 2080 18KH 9F2Q MCBF C40,1921.94,Ingreso,2023-12-19
648,MC48 4315 8649 91JC GDPB ACIQ P66,-1295.34,Retiro,2023-12-19
649,LV58 JQMP EDXP QX6Y SOKO C,8976.5,Ingreso,2023-12-19
650,CR63 1457 2370 2940 4612 9,109.86,Ingreso,2023-12-19
651,RS52 5773 2593 2957 7967 18,8322.7,Ingreso,2023-12-19
652,RS45 2609 9241 7259 2269 74,-9477.69,Retiro,2023-12-19
653,CZ27 1901 4429 0406 4640 4951,-1995.84,Retiro,2023-12-19
654,SA58 18UP 6O7H 6JAB 7S1Q 09PL,-9897.59,Retiro,2023-12-19
655,SK80 9865 4055 3865 8970 4756,-9433.4,Retiro,2023-12-19
656,BH35 PPEF K2CX E5GS CXPV SC,5311.88,Ingreso,2023-12-19
657,AL77 9667 0496 XQPQ AHMH WHYK K4GV,3921.85,Ingreso,2023-12-19
658,FR41 0937 5817 02SH CF4N HKJX C50,835.59,Ingreso,2023-12-19
659,FR17 6203 0491 18UG N75A P3GV O34,-566.67,Retiro,2023-12-19
660,NO10 2724 9811 966,-5126.26,Retiro,2023-12-19
661,FR88 7263 2897 80BK PL0T C8PG O06,-1568.87,Retiro,2023-12-19
662,SI65 4611 5851 6990 244,9860.13,Ingreso,2023-12-19
663,TR45 9337 9NSM O1OJ LI3B ZVIX 4J,4045.46,Ingreso,2023-12-19
664,BG88 SXSR 3474 87D7 ANKA IX,-2852.56,Retiro,2023-12-19
665,BG65 CHFS 4689 31EN AKQV BS,9892.42,Ingreso,2023-12-19
666,MR37 0055 6188 4308 1692 9723 031,6072.32,Ingreso,2023-12-19
667,CR14 9840 6370 5597 8468 0,468.99,Ingreso,2023-12-19
668,ME02 4041 6485 6408 4455 90,2136.71,Ingreso,2023-12-19
669,GL75 7890 0219 1924 70,9357.02,Ingreso,2023-12-19
670,FR33 3315 4885 653A NCVE 6XCZ T36,-7576.22,Retiro,2023-12-19
671,FR59 0544 1325 02CF O8XC IQOC T31,-5460.84,Retiro,2023-12-19
672,PK13 IXPM R3HA LVCT BLEO UXRF,-2198.6,Retiro,2023-12-19
673,TN78 8264 4532 3887 2397 2522,2239.15,Ingreso,2023-12-19
674,NO54 9134 3708 781,-9803.64,Retiro,2023-12-19
675,FI56 3110 4739 8186 40,-9391.26,Retiro,2023-12-19
676,FR65 6182 8188 47S4 PJVM PIRM O83,2727.0,Ingreso,2023-12-19
677,IS16 6880 5920 8074 3044 2656 28,5116.27,Ingreso,2023-12-19
678,NL27 WJES 8111 4267 20,5216.24,Ingreso,2023-12-19
679,BR88 3947 8452 1870 2355 2260 660B R,8021.11,Ingreso,2023-12-19
680,IT68 Q333 3859 219Y O49V XUXC GHV,-4402.44,Retiro,2023-12-19
681,ES85 0222 8450 0799 0651 9532,4467.64,Ingreso,2023-12-19
682,SK13 8549 5274 6794 8759 4654,6225.82,Ingreso,2023-12-19
683,FR61 9108 1503 11CH LYN4 VXFT 691,7680.8,Ingreso,2023-12-19
684,LU76 732F PE1L RGEW Z22V,6163.56,Ingreso,2023-12-19
685,LI69 5933 3IQ3 ER9Y XV7W C,-8713.69,Retiro,2023-12-19
686,SK37 8034 2506 6527 1130 7014,1577.94,Ingreso,2023-12-19
687,TN04 1308 7708 6301 1736 6910,4754.04,Ingreso,2023-12-19
688,PT64 8563 0054 0466 0795 9171 5,-4048.65,Retiro,2023-12-19
689,FR68 7149 4173 76LP DZBA 1AIJ O82,1446.24,Ingreso,2023-12-19
690,RS28 1608 9204 3195 8824 03,-5576.34,Retiro,2023-12-19
691,IS29 5897 5613 9947 8900 9326 08,-2097.99,Retiro,2023-12-19
692,GI16 IRTD TTWP ONXR TLU6 VZB,4970.86,Ingreso,2023-12-19
693,IE46 JOMO 8791 2003 4116 63,-4809.09,Retiro,2023-12-19
694,MK78 367M W8SU 5RKZ C15,4002.09,Ingreso,2023-12-19
695,AE97 9563 7197 8015 7476 127,-2289.07,Retiro,2023-12-19
696,BE08 8880 9418 2371,-8663.02,Retiro,2023-12-19
697,IT82 I173 6225 841J AYYS 0AJE NML,397.58,Ingreso,2023-12-19
698,IL77 1814 8371 3932 8046 573,3728.47,Ingreso,2023-12-19
699,SA02 079G CWTO U1RM VUIU WLO9,5529.52,Ingreso,2023-12-19
700,LV82 PQQS DADF 4ZOJ KNUX M,3754.86,Ingreso,2023-12-19
701,AD96 2730 0944 6LGF EV96 EWII,-8913.31,Retiro,2023-12-19
702,FR42 9811 1490 90PA LMHH I4SS 004,7396.62,Ingreso,2023-12-19
703,BH75 VIML BFRD V1GM EDYX TU,3509.32,Ingreso,2023-12-19
704,EE32 8627 8288 9545 4039,-2797.95,Retiro,2023-12-19
705,TN93 0884 0000 6089 1425 9585,8430.89,Ingreso,2023-12-19
706,RS36 4078 9303 3376 2810 55,9089.94,Ingreso,2023-12-19
707,FR94 0236 3152 82RY 8JMT ICJV 568,4058.5,Ingreso,2023-12-19
708,LU91 106B ZLUB 8NO9 PTQD,-8896.13,Retiro,2023-12-19
709,FR82 1925 0236 26JG EDK1 OLCZ P01,-7010.15,Retiro,2023-12-19
710,SI97 6570 3939 3341 603,-728.62,Retiro,2023-12-19
711,FR97 6102 6555 99O2 VXLA LMV6 U43,-5055.0,Retiro,2023-12-19
712,IS42 5365 7069 5884 0043 0524 26,-9259.83,Retiro,2023-12-19
713,BH31 YYHU CDAY CNKO LDZR AW,5353.37,Ingreso,2023-12-19
714,ME58 4423 8083 4026 2064 54,-6457.16,Retiro,2023-12-19
715,FR69 5348 1297 58FG 7ND9 TVTD C81,-4200.85,Retiro,2023-12-19
716,BG08 PXSJ 6411 00BU SAJ2 5C,-4018.27,Retiro,2023-12-19
717,GE21 IE42 3311 6313 5093 05,-9882.42,Retiro,2023-12-19
718,FR18 4505 1432 49FX OU4E 8I1H G13,624.08,Ingreso,2023-12-19
719,LI36 2157 4FAE YG3W 7JHP 7,9675.31,Ingreso,2023-12-19
720,NO34 9635 2786 134,-2278.4,Retiro,2023-12-19
721,FR06 4919 8903 12CM 8TM9 OUTG B06,6761.92,Ingreso,2023-12-19
722,SK20 4110 3937 1114 5080 0349,-8973.49,Retiro,2023-12-19
723,MK46 981W SPM5 B1SZ U31,8065.73,Ingreso,2023-12-19
724,ME43 8400 1652 1961 0507 91,2676.34,Ingreso,2023-12-19
725,RS35 7922 7865 8014 1996 99,9183.27,Ingreso,2023-12-19
726,RO78 SIFS JAMW 9KPN 365H 9PI4,-6836.31,Retiro,2023-12-19
727,FR77 2349 1547 05QV LDOZ AWXP Q29,-6632.69,Retiro,2023-12-19
728,FR76 0670 1344 32AQ DIIX FDLP J98,-1675.51,Retiro,2023-12-19
729,PL33 5151 6098 2294 8265 0969 8373,4685.39,Ingreso,2023-12-19
730,BH42 EFYW 0T1Y ABDW OITE F4,-4159.04,Retiro,2023-12-19
731,CZ24 9607 1598 9230 2318 2943,389.31,Ingreso,2023-12-19
732,SA38 02IU INLQ XF0X S2AT LWAL,-9519.52,Retiro,2023-12-19
733,GE10 NJ98 8721 5294 7615 45,9241.29,Ingreso,2023-12-19
734,BE82 5508 1395 7266,-8806.0,Retiro,2023-12-19
735,SM17 R266 9737 515U JQJI CVRY I8A,-1784.58,Retiro,2023-12-19
736,FI38 9500 7881 1296 32,785.23,Ingreso,2023-12-19
737,CH69 5745 4UQX UUPL N0SA G,-2044.97,Retiro,2023-12-19
738,FR22 8055 1294 51JW ZVQN GZOC W46,-9046.39,Retiro,2023-12-19
739,FR86 0394 7441 28HS VYO1 AMFV G96,-6910.9,Retiro,2023-12-19
740,LV81 THPX BFWJ LBA2 RW5W 2,2736.89,Ingreso,2023-12-19
741,FR91 3565 2429 85Z8 BLFN N66J B88,7270.3,Ingreso,2023-12-19
742,LT45 7963 1328 3958 9874,-5066.33,Retiro,2023-12-19
743,SE10 2605 0485 9443 0587 1927,-9446.97,Retiro,2023-12-19
744,SI73 1469 2345 2426 631,5531.05,Ingreso,2023-12-19
745,VG77 LVVD 9084 8849 0360 9261,-1594.87,Retiro,2023-12-19
746,BG41 GFPU 5168 56WW P6ED 7O,3442.98,Ingreso,2023-12-19
747,GI56 IRIG SWOL USRM BDTA 3RX,7283.32,Ingreso,2023-12-19
748,KW84 SGAY BMIU DVJC YBQY F7ZN WMPJ Z8,8063.2,Ingreso,2023-12-19
749,FR57 4765 6462 43S4 IK0O H2C2 967,5425.5,Ingreso,2023-12-19
750,CZ79 3678 0204 2004 0241 9230,-943.36,Retiro,2023-12-19
751,SI48 8821 4454 2676 916,6200.27,Ingreso,2023-12-19
752,RS35 2472 1173 6359 9789 97,-1362.05,Retiro,2023-12-19
753,PT44 9387 8707 4953 6747 7596 0,7618.5,Ingreso,2023-12-19
754,FI86 7814 5897 1704 72,7393.74,Ingreso,2023-12-19
755,BE21 2164 6584 4868,1911.67,Ingreso,2023-12-19
756,SA15 50AE 90H7 0KGG KWDZ BBV9,2141.64,Ingreso,2023-12-19
757,RO64 NAVY 617B IZTD S6BB 7RJP,2003.61,Ingreso,2023-12-19
758,GI33 LPHK ONOD 46SZ E7ZS Q0W,6462.18,Ingreso,2023-12-19
759,MK26 490R EYGT 9Q3F 690,6997.93,Ingreso,2023-12-19
760,FR03 9909 7723 98EH G15U 5RCU Q04,7691.57,Ingreso,2023-12-19
761,ES58 0933 6864 3825 8271 3926,-3733.77,Retiro,2023-12-19
762,LU31 329L SNJE RPK9 GCBD,-4215.58,Retiro,2023-12-19
763,FR05 6677 2391 35GP XUJC Q76Z 300,-9508.53,Retiro,2023-12-19
764,FR12 2585 0170 52CV I6WD R40P O36,1260.79,Ingreso,2023-12-19
765,AT35 7405 5152 2488 4637,181.37,Ingreso,2023-12-19
766,GR56 2998 034J IKZB HDTR 5WKJ 8NL,6504.67,Ingreso,2023-12-19
767,SK85 2547 2267 8547 1748 9953,8709.02,Ingreso,2023-12-19
768,TR25 3128 1B6X HIQQ URCB FOLI T3,-6919.62,Retiro,2023-12-19
769,NL07 HZKR 6257 0300 90,313.86,Ingreso,2023-12-19
770,TR98 9015 3LFY QPSA VUWL UVU3 CH,-8030.01,Retiro,2023-12-19
771,FR96 1758 8696 65KF YNHX TYQR S09,217.86,Ingreso,2023-12-19
772,MK14 8911 TQCE QIJM C61,2242.72,Ingreso,2023-12-19
773,KZ51 540S XGYW KCES BJX5,3753.26,Ingreso,2023-12-19
774,MK34 691E GZ13 HKXZ K71,-2509.64,Retiro,2023-12-19
775,SE95 4879 2752 1583 3977 6986,-9676.83,Retiro,2023-12-19
776,FR40 0982 6817 00UY AZZ4 DWX5 M36,1278.65,Ingreso,2023-12-19
777,BG76 MDRU 6313 81ZJ 4MXE AW,3296.34,Ingreso,2023-12-19
778,AD58 1848 5416 QCGY P5T6 IV4F,-1849.16,Retiro,2023-12-19
779,RO54 KZFE RGEJ ZI5H AM9T 6UUY,-3328.05,Retiro,2023-12-19
780,FR60 1256 3527 14PQ 0YOQ 6YY6 S99,6875.71,Ingreso,2023-12-19
781,MU36 TJJV 7730 3270 9827 2013 359O FP,9070.9,Ingreso,2023-12-19
782,IL87 7640 6289 6387 3139 942,-2532.8,Retiro,2023-12-19
783,MR63 1798 1267 4526 2095 0421 764,7288.6,Ingreso,2023-12-19
784,MR43 2836 9429 6115 3273 8369 985,-8207.45,Retiro,2023-12-19
785,HR41 0851 0096 5436 0865 2,3171.08,Ingreso,2023-12-19
786,AE90 5999 9176 7712 0272 528,-1982.22,Retiro,2023-12-19
787,HR13 7435 6573 3632 3489 8,6597.97,Ingreso,2023-12-19
788,FR90 6780 5419 46T7 ZLR9 AL39 S85,-7799.65,Retiro,2023-12-19
789,AZ93 ERVF OWKB SSSX WMZY OEQM D8DI,-4659.37,Retiro,2023-12-19
790,IE07 QGNN 3476 9920 2726 05,8213.75,Ingreso,2023-12-19
791,MU65 UFTO 4665 9058 1563 4349 532J BM,-2113.85,Retiro,2023-12-19
792,FI62 9846 9763 1612 45,-370.01,Retiro,2023-12-19
793,FR65 8169 5031 76FB NHZB GPBD I33,5028.02,Ingreso,2023-12-19
794,AD44 8031 5051 B5TD FD0W T84N,-5831.21,Retiro,2023-12-19
795,MR87 2589 3944 9615 2338 4106 338,5919.24,Ingreso,2023-12-19
796,PK07 BYOF GLQQ ETX0 YCON KZEX,-7917.68,Retiro,2023-12-19
797,MD13 WJ5T OBNR T4EK TS7Z FGPZ,-2630.38,Retiro,2023-12-19
798,PS33 IBVO YTRY AXTE GPVM LH5S DSON Z,8106.3,Ingreso,2023-12-19
799,MT38 ETVU 1061 8ZL8 8B09 FYXP LBIL SCA,254.75,Ingreso,2023-12-19
800,AE28 4311 0354 4711 6018 094,4299.17,Ingreso,2023-12-19
801,GI33 VPOR JHK4 76RZ MT0B SGS,-6395.38,Retiro,2023-12-19
802,IL44 6564 6225 8719 5360 109,9665.69,Ingreso,2023-12-19
803,HR34 6787 9828 7691 3909 8,-6918.13,Retiro,2023-12-19
804,IL62 2973 3811 7124 0203 658,2840.27,Ingreso,2023-12-19
805,KZ88 610L ZEO1 JECJ FWLD,-5260.74,Retiro,2023-12-19
806,FR02 5475 2357 80KO IEPL 4RIK U46,-2183.08,Retiro,2023-12-19
807,HU56 2607 8319 3066 9823 9310 6838,4588.73,Ingreso,2023-12-19
808,ES56 8209 0896 8515 3914 8765,-5795.14,Retiro,2023-12-19
809,GE91 BF60 9913 5873 6580 45,6746.26,Ingreso,2023-12-19
810,NO28 8577 6286 676,-684.78,Retiro,2023-12-19
811,MC70 3943 5837 59RF NZ8A ORQC Q80,-291.66,Retiro,2023-12-19
812,IS88 7638 3993 5141 0242 9574 91,-6401.87,Retiro,2023-12-19
813,IS24 0718 2410 5703 9934 0855 99,2476.26,Ingreso,2023-12-19
814,BG42 USFC 5199 92AV ALLW ND,6628.49,Ingreso,2023-12-19
815,FR51 4404 3841 72LY BMJY DFNC A27,8856.4,Ingreso,2023-12-19
816,FR09 5456 9288 34IT GLSQ IUWZ V25,1904.28,Ingreso,2023-12-19
817,SA56 26W4 QQ5V 9NGL RPLE KQBP,-4004.41,Retiro,2023-12-19
818,GL66 7304 0242 4162 77,1148.03,Ingreso,2023-12-19
819,FR56 4391 2629 80TD YXBE AGBH F57,-3376.56,Retiro,2023-12-19
820,NL17 JHIK 9181 9508 50,3107.13,Ingreso,2023-12-19
821,LU54 980S E9SO 2UGA AQUB,7340.49,Ingreso,2023-12-19
822,FR71 1969 6824 467W EP1P 73OR C48,-5535.94,Retiro,2023-12-19
823,VG79 IESJ 2964 8001 2874 0785,4723.47,Ingreso,2023-12-19
824,MT88 UUMG 3046 7WKJ VBAD AAIF STP1 8GV,-3771.22,Retiro,2023-12-19
825,RS30 9092 9268 4435 5520 16,8454.68,Ingreso,2023-12-19
826,ES20 9991 5952 5934 9748 1049,4748.96,Ingreso,2023-12-19
827,NL28 ZFNS 2427 9133 29,7433.26,Ingreso,2023-12-19
828,DE65 5551 7260 9331 6697 74,-3812.2,Retiro,2023-12-19
829,GI53 ILSM JZKP KUTE UR5X RJT,-8977.78,Retiro,2023-12-19
830,LV26 ZKVK VEKA MONX NEAD 7,7900.52,Ingreso,2023-12-19
831,CH10 1406 4DVC AXO2 U2GW Y,9770.23,Ingreso,2023-12-19
832,GR12 9436 3226 WJBY MGEU JPSE MRI,8307.24,Ingreso,2023-12-19
833,CZ04 2539 5175 1858 2376 1217,-7700.83,Retiro,2023-12-19
834,FR65 7692 6525 22V1 UWXF DYWQ W20,8705.92,Ingreso,2023-12-19
835,RO80 ZLTU NASK 3LHF QYFF SLGG,-4715.41,Retiro,2023-12-19
836,SK24 3621 5898 5646 8300 5177,-5223.92,Retiro,2023-12-19
837,GR09 1056 469K VUWB G7DI 5FXE HFQ,794.95,Ingreso,2023-12-19
838,SK11 3870 3196 0185 1471 1091,3659.63,Ingreso,2023-12-19
839,SI42 5453 5501 1625 668,-9014.44,Retiro,2023-12-19
840,AE49 3795 3674 8566 2132 947,-239.74,Retiro,2023-12-19
841,DO65 AZ0Q 8829 6762 7010 6656 6580,6723.65,Ingreso,2023-12-19
842,AE24 0958 1235 8868 1538 131,-5467.88,Retiro,2023-12-19
843,IE89 WGUE 9564 5515 2932 14,-7399.62,Retiro,2023-12-19
844,FR18 4967 3668 58QP PSRB CG9R R52,-4716.4,Retiro,2023-12-19
845,CY44 0929 5052 OLMO 5J9N VH88 PVY4,-6978.47,Retiro,2023-12-19
846,FR72 9677 3065 61EU YNNI ERDI Q54,-3749.81,Retiro,2023-12-19
847,DO14 BIPB 8379 5798 6109 2818 4487,-3661.07,Retiro,2023-12-19
848,LB19 9401 RN9E 8E67 CZP5 GLA6 0PMX,2694.5,Ingreso,2023-12-19
849,SM36 Z323 8151 765K CO49 6Q9B CEG,-5512.75,Retiro,2023-12-19
850,ES10 3263 4173 6042 1341 7362,5588.84,Ingreso,2023-12-19
851,RS40 6818 0841 0393 6890 45,272.85,Ingreso,2023-12-19
852,GR52 7545 238N MBCI MNJN TARK B22,-8621.23,Retiro,2023-12-19
853,FR49 2111 3117 92M4 QJ1H YWUH A58,2468.45,Ingreso,2023-12-19
854,PT74 0503 5622 0023 4026 9405 1,-143.7,Retiro,2023-12-19
855,MU96 AFYH 5105 6068 4411 9630 304Z FO,-4774.17,Retiro,2023-12-19
856,TR03 4920 0XA7 7EQK EOFU BRBA 4P,-6076.97,Retiro,2023-12-19
857,VG52 ESCN 2333 8854 9666 4219,-7645.54,Retiro,2023-12-19
858,PT89 0493 6063 5628 5206 9351 3,6853.16,Ingreso,2023-12-19
859,IT81 K573 2521 873S KYZX AJL7 TSZ,4880.47,Ingreso,2023-12-19
860,BG52 BGLQ 3770 43AG SIJX NF,-7229.97,Retiro,2023-12-19
861,BR59 8967 9764 4602 1336 1973 845C Y,1267.71,Ingreso,2023-12-19
862,LI81 3930 7QMG NHQD OSZV B,2507.64,Ingreso,2023-12-19
863,AE35 2861 4752 4519 7796 018,3940.41,Ingreso,2023-12-19
864,NO62 7002 0268 671,-335.54,Retiro,2023-12-19
865,ME21 3558 3661 5865 4083 50,7959.76,Ingreso,2023-12-19
866,FR93 8759 4887 90ZX YBUF R3O4 O54,2475.16,Ingreso,2023-12-19
867,BR04 2196 6239 4807 9184 5554 387M I,-7355.87,Retiro,2023-12-19
868,HR51 7132 3620 4191 0048 4,6773.24,Ingreso,2023-12-19
869,DE69 5051 8890 6283 5650 59,-7669.34,Retiro,2023-12-19
870,FR78 3245 2651 164R U4CQ WWE3 U61,-9494.98,Retiro,2023-12-19
871,NL54 OAHY 0207 1745 71,3408.29,Ingreso,2023-12-19
872,PT14 2290 7517 5441 0682 8547 8,-7207.2,Retiro,2023-12-19
873,TN55 3768 2928 3021 9044 0313,5693.36,Ingreso,2023-12-19
874,AE30 6041 9041 2124 3311 328,8079.81,Ingreso,2023-12-19
875,NL94 NOVQ 8796 8299 65,-9752.61,Retiro,2023-12-19
876,KW21 YTFW RGBT IDDC RIAF 5LZO AFCV CS,-1179.56,Retiro,2023-12-19
877,FO32 3874 6139 4393 20,-4763.53,Retiro,2023-12-19
878,GE86 RM97 9131 3588 4057 11,-2762.73,Retiro,2023-12-19
879,CZ61 1359 6682 8415 4548 0721,6925.52,Ingreso,2023-12-19
880,FR48 1857 4560 01FU MALF BI1B R14,4937.45,Ingreso,2023-12-19
881,NL93 ZVIX 2178 1456 28,-3132.19,Retiro,2023-12-19
882,LI41 5849 0TTN TIQG WFJX V,6838.38,Ingreso,2023-12-19
883,NO51 7348 0956 881,-5146.44,Retiro,2023-12-19
884,SE88 5965 5231 9980 8093 5482,-4688.33,Retiro,2023-12-19
885,IL05 2412 6215 9552 0249 109,-9747.12,Retiro,2023-12-19
886,GL56 6284 7205 2336 22,-8241.92,Retiro,2023-12-19
887,FR46 2903 6396 38JY J6QW 9ZEN Y17,8193.0,Ingreso,2023-12-19
888,MU06 DRVT 3247 4786 4707 3161 806B UQ,-1043.0,Retiro,2023-12-19
889,KZ89 0785 FTN1 2TYS PZAS,-6865.78,Retiro,2023-12-19
890,AT81 2653 2450 3421 3637,-1919.44,Retiro,2023-12-19
891,CR03 4381 0742 6891 6356 3,1812.37,Ingreso,2023-12-19
892,FR44 5278 4528 22KW OXDE JYHM 580,-396.47,Retiro,2023-12-19
893,BG94 QHGQ 1608 18VD LVSZ PJ,-4875.37,Retiro,2023-12-19
894,MT50 ZBZI 5076 6AJX HT46 06BF GXXC 46M,-844.16,Retiro,2023-12-19
895,ES89 8469 2961 3550 6132 1829,1164.32,Ingreso,2023-12-19
896,NL97 OWQM 3553 4712 03,-9612.4,Retiro,2023-12-19
897,MK78 195H TO4T 9ERM 402,-6846.53,Retiro,2023-12-19
898,FR17 3723 9631 70N8 MUY9 G8KA 734,-793.63,Retiro,2023-12-19
899,GT34 RXET 9ZP7 JFJW 8PEM OTA7 LIZ8,8446.39,Ingreso,2023-12-19
900,HU03 0047 5685 1766 2015 9154 5546,8413.51,Ingreso,2023-12-19
901,FR78 3612 6809 194Q YXDS WMWE 560,-3733.75,Retiro,2023-12-19
902,LT12 0892 2720 4505 9663,-5980.23,Retiro,2023-12-19
903,AL07 9453 5126 WMKA J1V5 TFKR N37W,707.51,Ingreso,2023-12-19
904,GE74 CK55 3412 9053 5073 68,1212.86,Ingreso,2023-12-19
905,MD36 JLD3 0OPZ TQFA ECMH ZWJK,6929.57,Ingreso,2023-12-19
906,FR70 2044 3314 65DL 3SIA ETPU T66,5897.86,Ingreso,2023-12-19
907,GB31 XCGX 7759 2896 7273 92,9831.57,Ingreso,2023-12-19
908,FR03 7742 0980 233A XSPN VBYS B28,-7774.74,Retiro,2023-12-19
909,BH15 DDNM H3BN I8US M40Y F1,-7727.32,Retiro,2023-12-19
910,SE28 8957 3702 8931 5338 0870,3167.66,Ingreso,2023-12-19
911,KZ44 039V JEJH 9RSV YADP,7772.75,Ingreso,2023-12-19
912,CZ96 9964 8099 7686 0635 3709,2486.37,Ingreso,2023-12-19
913,FR90 5285 9084 54XE HL1H FBWS 139,-1597.75,Retiro,2023-12-19
914,GB56 ACPO 8136 1874 5704 33,7650.04,Ingreso,2023-12-19
915,AT44 1617 4468 7960 4375,8524.3,Ingreso,2023-12-19
916,FR53 3574 9522 082K O1RF FJZI D85,5705.2,Ingreso,2023-12-19
917,SI64 1476 2913 4858 448,8250.45,Ingreso,2023-12-19
918,SE89 6847 9300 7322 0906 5486,1355.16,Ingreso,2023-12-19
919,AZ16 RQCM WYLS SQM3 CHJ7 U68K D4M3,8645.56,Ingreso,2023-12-19
920,DK37 1434 1621 2560 68,-8397.77,Retiro,2023-12-19
921,PL77 0307 7911 2531 7108 3987 5217,-2889.77,Retiro,2023-12-19
922,HU57 7268 9070 7940 0030 2192 9530,2355.81,Ingreso,2023-12-19
923,SK89 7096 3370 9099 0631 4791,-2582.65,Retiro,2023-12-19
924,LI11 0942 06C8 AAXD LBMQ 2,4658.05,Ingreso,2023-12-19
925,FR91 1364 4428 30AC D1SZ Z7YJ 933,4338.18,Ingreso,2023-12-19
926,AT48 3427 1433 9457 8328,-9944.67,Retiro,2023-12-19
927,FR44 2932 9008 55RE 500U ABNJ L28,7702.97,Ingreso,2023-12-19
928,CR67 5992 3247 5065 3283 2,-5581.82,Retiro,2023-12-19
929,FR93 6373 2986 540U CSYE DEHN 255,6425.07,Ingreso,2023-12-19
930,IT56 V468 0590 885X QIC6 GTBA QOM,4973.56,Ingreso,2023-12-19
931,FO47 9115 3578 9494 00,-5273.18,Retiro,2023-12-19
932,FR41 7045 6629 33OX HIXQ S3GR F82,9434.0,Ingreso,2023-12-19
933,FR52 5045 2599 30LR DJBT TBQN V82,-3767.55,Retiro,2023-12-19
934,FR62 4071 2326 32MG XDRO OEPT T33,-55.56,Retiro,2023-12-19
935,FR23 4195 0313 18C4 2FIB IYWG K99,508.43,Ingreso,2023-12-19
936,PL68 5507 5873 4479 5535 7328 3988,5859.58,Ingreso,2023-12-19
937,TR37 1639 8QQP YTKF XFLA JRPL 4Y,-6199.79,Retiro,2023-12-19
938,GL67 0894 8151 3843 04,-7258.02,Retiro,2023-12-19
939,MR64 6419 0219 2565 7747 1104 435,-5760.83,Retiro,2023-12-19
940,HR92 1962 0593 5045 9811 6,-4721.9,Retiro,2023-12-19
941,LU45 130F TDCU UJNI 8LTO,-3693.64,Retiro,2023-12-19
942,GL39 5270 5427 6981 83,-955.34,Retiro,2023-12-19
943,MC82 5830 9110 60WJ DXSI 4R3Q K85,-9898.47,Retiro,2023-12-19
944,IS05 6754 2461 1711 3285 9753 61,9780.29,Ingreso,2023-12-19
945,LV96 ZIRL 9OTM NZ0A SGDA O,-9826.69,Retiro,2023-12-19
946,RO33 VOBJ W6WC VWEE MOHB NXQP,-3246.88,Retiro,2023-12-19
947,HR61 9729 5053 6555 2520 5,5380.47,Ingreso,2023-12-19
948,AD70 8096 4514 5QBJ GOQD AEQX,6221.72,Ingreso,2023-12-19
949,FO52 2691 7890 9274 72,-7258.86,Retiro,2023-12-19
950,FR41 6966 5930 76HM SNRP VQV7 M44,2540.57,Ingreso,2023-12-19
951,FR02 7010 3115 14SL L7UV QS6B M99,7915.21,Ingreso,2023-12-19
952,FR29 8567 8577 89AS EMFW R13F R86,-474.96,Retiro,2023-12-19
953,NO65 9418 5205 922,-5120.38,Retiro,2023-12-19
954,GR48 3509 767T 2HE4 ZXEL LKFF A0S,8056.03,Ingreso,2023-12-19
955,PS55 LBLT 4QKJ XLDH DG3E LKXT TOLF F,-2922.6,Retiro,2023-12-19
956,AZ14 GCBK RXST KFMW JFOG YZYM 3OC0,-5331.26,Retiro,2023-12-19
957,FR83 1441 1061 59BE XKPW 72Z1 C21,-3930.73,Retiro,2023-12-19
958,KW77 ABCX M2GU AWKM MBYZ WTW9 D0EB XJ,4534.79,Ingreso,2023-12-19
959,CR26 7277 1465 0807 8416 8,6848.58,Ingreso,2023-12-19
960,GL66 1579 2594 1328 75,5415.76,Ingreso,2023-12-19
961,VG42 YQBN 8799 9633 9559 5534,2011.64,Ingreso,2023-12-19
962,DK70 7016 7769 0899 85,-2889.43,Retiro,2023-12-19
963,KZ04 815H LSXJ S2JW EKOW,8219.42,Ingreso,2023-12-19
964,BA88 1708 7622 8651 6021,1390.22,Ingreso,2023-12-19
965,CH44 8412 1GCW CI9S SZHP F,-8002.33,Retiro,2023-12-19
966,MC08 5423 1410 25WM 1ENH DQGP Q33,197.63,Ingreso,2023-12-19
967,FR39 5435 0403 07RR JNQL OLFF 147,-8224.75,Retiro,2023-12-19
968,FR57 8743 9175 09HC 5VUL JYLF Z97,-839.89,Retiro,2023-12-19
969,LT27 2116 2691 9966 1303,4324.15,Ingreso,2023-12-19
970,LI34 1339 2L1M B8LN FAYW Q,7241.97,Ingreso,2023-12-19
971,ES31 5119 4267 9937 8019 9516,8300.06,Ingreso,2023-12-19
972,FR32 8179 0702 44LL UL2Q RG6R M09,-5649.44,Retiro,2023-12-19
973,GL30 8508 6577 7231 97,-6599.24,Retiro,2023-12-19
974,BA51 4473 1798 6569 5548,-6156.14,Retiro,2023-12-19
975,MD56 CPYW A3PT HLQQ PHNC 6LYY,-8432.26,Retiro,2023-12-19
976,CZ39 7269 8970 1220 5556 5556,8427.7,Ingreso,2023-12-19
977,FR18 1735 5172 25AF WY3L 5YMO Q93,1634.88,Ingreso,2023-12-19
978,RO13 VKPA SAGE GPFQ LGGA HKYD,-2312.66,Retiro,2023-12-19
979,TR69 5475 6PPA F0TJ H1I0 5CG6 7M,-8796.36,Retiro,2023-12-19
980,AT93 0391 9745 8975 4872,1206.55,Ingreso,2023-12-19
981,MK43 229G YRTR AZNI V72,5898.01,Ingreso,2023-12-19
982,AE90 4214 2158 5450 1440 906,2036.88,Ingreso,2023-12-19
983,FI61 9158 3332 9992 09,-6749.18,Retiro,2023-12-19
984,NO56 9284 7098 747,7976.9,Ingreso,2023-12-19
985,IT66 P095 1631 392K ANPX GCED RFE,7499.35,Ingreso,2023-12-19
986,AL34 5050 4049 WRSM KARW AZ0L UCQM,-8139.08,Retiro,2023-12-19
987,FR65 0884 4601 90GV TZFY R4Q3 214,7499.59,Ingreso,2023-12-19
988,MR58 0595 2943 2401 1714 1353 962,4308.75,Ingreso,2023-12-19
989,FR18 9707 6627 09F7 QYY0 CL74 W45,-7065.64,Retiro,2023-12-19
990,FR61 3057 7471 62TX NQBE PAQ9 O31,-5296.94,Retiro,2023-12-19
991,PS69 KPQV KXL8 Z59O QHUV NETZ YMUQ C,-3518.2,Retiro,2023-12-19
992,FR82 9251 8837 57G9 I4RH BMPH S85,-3057.57,Retiro,2023-12-19
993,PT15 3648 1463 9658 3283 3034 1,9281.23,Ingreso,2023-12-19
994,BH26 SIGS PUUG HZ2X HAU5 I6,8860.22,Ingreso,2023-12-19
995,BR66 0303 2165 0895 7681 3926 636P L,-5157.09,Retiro,2023-12-19
996,GR91 1102 537F YYQR 2IAZ 75YK UGF,-1969.54,Retiro,2023-12-19
997,FR31 3663 4165 57H9 H5CO UJD1 F79,7245.03,Ingreso,2023-12-19
998,RS75 0179 9563 1326 9489 41,-6570.92,Retiro,2023-12-19
999,GI49 CERW JAVO ADFF HQWL WLB,-4342.44,Retiro,2023-12-19
1000,HU44 1417 2309 1850 7920 3687 9541,8719.49,Ingreso,2023-12-19
