id,accountId,amount,transactionType,transactionDate
1,SE74 2008 9176 0911 7444 4183,6853.94,Ingreso,2023-10-10
2,TR96 8607 3BKQ N9AJ JXRT ERBF NH,-140.67,Retiro,2023-09-09
3,AD05 5824 4961 Z1FW V0HS ZD04,-4999.95,Retiro,2023-11-04
4,MD10 RNY0 DQJU JFUX 4XKD BEEH,2000.44,Ingreso,2023-05-28
5,FO67 2448 0674 7233 40,2252.91,Ingreso,2023-11-03
6,IL67 2844 9763 5234 0950 261,6481.89,Ingreso,2022-12-22
7,BR60 6926 8967 6311 7039 7400 568Y S,-4832.0,Retiro,2023-03-06
8,SE28 3186 5091 6196 9269 5219,-2364.41,Retiro,2023-08-02
9,AL05 7242 0199 DX59 HUXT I2JD IODK,5874.06,Ingreso,2023-11-01
10,PT94 9870 9132 0811 1722 5355 2,-5360.57,Retiro,2023-11-02
11,RS32 1896 5969 2867 9522 79,-8845.81,Retiro,2023-11-20
12,FR17 7252 3353 061V 3UO6 6OBA W24,134.6,Ingreso,2023-08-14
13,PK71 UOJW RRQ0 PNEM XVOA IKWV,9829.56,Ingreso,2023-09-25
14,MD82 LNZE WOKJ UQJB OXTX QOKA,2613.37,Ingreso,2023-07-01
15,TN91 4387 6625 5154 9220 9480,-5353.8,Retiro,2023-09-22
16,FR20 8227 3581 07DO R5LR 5HYE L85,5154.66,Ingreso,2023-07-12
17,FR02 4566 2363 03SW BN5O 1BJA Z15,-9517.49,Retiro,2023-01-26
18,RS48 5357 5113 9931 8765 33,-8536.15,Retiro,2023-11-26
19,FR58 3267 8167 52O3 HDTU OXQX Q73,6096.33,Ingreso,2023-11-06
20,GI19 OGAG 2QYO TWHQ 5QR3 EJK,56.91,Ingreso,2023-09-28
21,FR83 3561 6454 17CW BDUQ FBXQ O00,4899.79,Ingreso,2023-03-18
22,RS42 5969 9853 9081 5995 87,-4995.17,Retiro,2023-09-01
23,GR72 6428 749P SGEZ HYW2 ZBEV 03V,6094.3,Ingreso,2023-08-29
24,LB35 0107 ZFPE THQR T3NL PRQI VCZF,-4837.01,Retiro,2023-07-21
25,BE46 0498 7895 2532,4278.61,Ingreso,2023-05-01
26,IS94 6123 3312 1466 8880 7859 06,160.34,Ingreso,2023-06-26
27,BH11 JSET M3AF WVGV YFDA QV,6069.09,Ingreso,2023-05-01
28,SM42 R530 3140 769K VPVS DXQY 3KI,9319.2,Ingreso,2023-05-01
29,HR63 2929 6557 5071 9241 7,-2725.3,Retiro,2023-06-19
30,VG16 MBDF 7003 8345 2914 2173,-8612.57,Retiro,2023-02-26
31,TR20 9593 7OHU 0WYN 7BYG ORGT SN,-156.1,Retiro,2023-06-11
32,GE96 LM26 7844 5531 5902 77,-5817.5,Retiro,2023-04-27
33,CZ03 7056 3331 3773 9980 5766,8962.93,Ingreso,2023-06-29
34,BH55 DKLR 4FUL TH8R 6ZYM 28,5384.98,Ingreso,2023-01-08
35,LI75 7582 67EG JTB3 SUO7 K,3975.8,Ingreso,2023-09-24
36,FR66 3081 1683 758V 4BZS XXHV 827,9440.05,Ingreso,2023-04-25
37,FR42 4035 4140 36AD QXBA 7MPV 106,5749.97,Ingreso,2023-04-23
38,IL68 8731 3662 3309 4171 288,-4930.87,Retiro,2022-12-21
39,MR84 1844 1521 8788 6753 7267 340,-3179.8,Retiro,2023-05-04
40,CR73 2618 5276 0404 3419 8,-9412.96,Retiro,2023-12-02
41,TR55 9268 9SVM CSBK BOXK ZJ82 KE,5626.4,Ingreso,2023-07-26
42,RS84 6672 8453 4274 7518 13,1630.9,Ingreso,2023-09-04
43,FR67 4697 7637 45CM LKD3 LQQR O58,6856.91,Ingreso,2023-05-26
44,FR98 3039 8367 16E0 AW6M HX1Z S20,3484.24,Ingreso,2023-12-12
45,VG71 EYET 1976 7647 2486 4161,3281.43,Ingreso,2023-08-27
46,GR38 0894 372B JRJ2 XTDV 7ICX CPD,3885.78,Ingreso,2023-12-15
47,PS21 FMCO 9TEZ NRJQ XRM8 RIER IQD1 E,-4308.14,Retiro,2023-08-04
48,FR51 1337 3238 70BW R0IS X150 670,3736.32,Ingreso,2023-09-20
49,AT53 9395 8659 7310 9871,4214.89,Ingreso,2023-02-15
50,FR95 8941 9823 99CE QOBQ LMLA 679,2020.59,Ingreso,2023-12-03
51,BH68 PNJL 63WO ZDWM GJ6X FD,2462.7,Ingreso,2023-10-30
52,GL44 8902 5043 2515 21,-9355.39,Retiro,2023-09-01
53,CR03 0700 5435 2002 9357 9,1617.61,Ingreso,2023-06-11
54,AL51 0372 6047 8APP DLIR GQNV WQ60,-5526.96,Retiro,2023-07-30
55,LT57 7182 1532 8573 6169,7419.5,Ingreso,2023-10-13
56,NO05 8738 3010 707,-7178.04,Retiro,2023-03-17
57,DE24 6775 9559 8251 5773 42,2966.49,Ingreso,2023-05-18
58,AZ79 GCSU SB4P JSBS YJOY 1MSI IP78,-3369.1,Retiro,2023-11-30
59,TN39 1997 0081 7912 5584 0436,6264.14,Ingreso,2023-11-21
60,CY50 1805 9953 VBPO XZIC PUKL CCYY,513.65,Ingreso,2023-07-19
61,AT27 9129 0295 0144 0869,-6846.81,Retiro,2023-09-29
62,LT08 6902 9143 3239 0034,2768.42,Ingreso,2023-09-23
63,FR67 9795 4340 377U LQHE S2MU C04,-1911.85,Retiro,2023-09-07
64,PL09 1761 7706 0618 6573 8312 0556,4661.17,Ingreso,2023-02-01
65,AZ80 UINJ HFJQ WTAI ZHMQ 0VYD WEDZ,-182.24,Retiro,2023-04-06
66,DO44 WBJ5 0421 7984 2662 9173 9977,-7804.17,Retiro,2023-10-16
67,FR31 2124 6787 95CS SDN1 LXB7 J47,-4677.14,Retiro,2023-10-27
68,FR12 5479 5355 97MN E88Q UQC4 J81,-4962.59,Retiro,2023-12-02
69,BG22 PRFV 8201 04ID DY6Y WC,-7502.62,Retiro,2023-02-11
70,PK74 YRLC JE4P FEG1 VY3X 4LZ0,6105.83,Ingreso,2023-06-30
71,DK48 4592 6036 9089 52,2217.55,Ingreso,2023-11-13
72,PL43 2252 7947 5837 3692 4376 3263,3165.26,Ingreso,2023-07-18
73,BH34 ENRG 53MC PEJ3 TTUS O6,-7903.53,Retiro,2023-06-30
74,GL59 3984 3510 6502 18,1388.37,Ingreso,2023-11-28
75,FR68 2152 9058 021W HIMX 5NLO V09,-7937.49,Retiro,2023-02-23
76,SK66 1795 8778 6173 2570 4826,243.44,Ingreso,2023-04-24
77,AZ66 AWQL IZZW IWDD IWGL YDPE KBJP,-8356.75,Retiro,2023-07-08
78,NO25 4543 4231 946,-3271.81,Retiro,2023-12-11
79,FR57 5935 8203 57WW UHSV PBIM B87,-3049.29,Retiro,2023-07-31
80,GI47 WPIH FIJY 4101 5ABU VCS,-241.86,Retiro,2023-08-06
81,GB26 XFAW 4921 6424 1622 86,1709.59,Ingreso,2023-08-08
82,FR70 8394 5459 99EP NZ54 A6CK F00,326.24,Ingreso,2023-12-12
83,KW80 IQPW JJBF OX5F VYE1 5GT6 I4ZN KS,-9580.47,Retiro,2023-01-18
84,HU17 1419 0318 7985 3110 6272 1052,2597.81,Ingreso,2023-11-14
85,SI85 2543 0262 1629 432,-3622.83,Retiro,2023-06-01
86,TN15 2385 2766 1486 0092 4708,5914.16,Ingreso,2023-10-19
87,FR69 4466 8707 15LZ JTFM LVW2 O32,-4983.12,Retiro,2023-10-14
88,RO35 ALOC HFRG W6HE XVHA RRYF,3330.94,Ingreso,2023-01-29
89,FR52 4776 1745 119S CRS7 LEKL E28,-3310.3,Retiro,2022-12-30
90,RS19 4352 7327 7680 4885 97,8602.85,Ingreso,2023-11-17
91,SM85 S972 6590 431K KYWT YR4L WEI,-8111.98,Retiro,2023-02-15
92,FR05 5914 8993 770R O3NR XAUS F86,-950.71,Retiro,2023-03-24
93,DO93 BFKC 7009 0693 0420 7529 7864,-8140.68,Retiro,2023-03-15
94,FI96 3596 0317 2000 65,-4829.03,Retiro,2023-02-13
95,BR44 0526 2329 8176 3425 5339 024H Y,1744.33,Ingreso,2023-01-23
96,SM07 H514 0339 773N RH5M FP3A L4T,-6198.45,Retiro,2023-08-25
97,SM44 E569 6993 709K FTK7 IACT UYT,9987.51,Ingreso,2023-11-14
98,HU60 5037 2864 3346 5458 1726 3398,2186.13,Ingreso,2023-05-24
99,FR23 8548 8397 329C 1PTD 2MCZ L35,8049.37,Ingreso,2023-02-12
100,IE18 HIGH 1063 0525 9482 77,-4737.52,Retiro,2023-08-09
101,AZ11 GUQW 27TR PISX 7H2Z U9D0 UBCS,1651.31,Ingreso,2023-11-01
102,CZ64 7608 9732 7761 9147 7364,2893.18,Ingreso,2023-02-26
103,SM64 C485 9639 064S QI4E YQMF 8ID,-4609.61,Retiro,2023-03-15
104,DK02 3795 4888 7967 90,9974.43,Ingreso,2023-10-06
105,CY67 8911 4026 TYEG KS0W 9R95 PJM6,-2646.69,Retiro,2023-04-13
106,ES31 5895 0402 8270 8341 8878,-1589.67,Retiro,2023-11-29
107,PL94 0192 8874 1258 1846 4198 9147,437.84,Ingreso,2023-06-28
108,IS19 2163 7449 7002 2048 4365 17,-4616.25,Retiro,2023-07-28
109,RS50 7416 9699 5283 8077 35,-8101.64,Retiro,2023-12-05
110,MU30 RYZB 4511 0456 7018 8252 476O LK,-8189.5,Retiro,2023-04-21
111,MT09 NQTY 2012 0X3T NSG2 GQNJ VNIP 7OI,-9146.34,Retiro,2023-03-06
112,FR95 2494 7043 38GW WCVT YDK6 208,-604.63,Retiro,2023-10-31
113,FR60 5430 3459 02ON V9L3 NFY1 Y35,-3959.22,Retiro,2023-06-27
114,FR33 5497 4998 23BD JRLO HU6S U97,-460.63,Retiro,2023-04-27
115,FI89 9893 2164 4426 84,-2562.3,Retiro,2023-08-24
116,BA34 6984 9302 2593 7537,2194.64,Ingreso,2023-03-22
117,MC19 5463 6614 38HT KBEX LY93 332,-7028.49,Retiro,2023-12-14
118,FR91 2981 1803 04RA TR3I ZTJH 096,5242.36,Ingreso,2023-12-14
119,MU16 JJIM 0498 2498 6550 8243 394R CV,5650.75,Ingreso,2023-02-10
120,FR35 9294 9275 44HH 3XJN ZMGP 878,-3279.66,Retiro,2023-11-12
121,FI02 4859 4030 6858 33,-310.74,Retiro,2023-01-31
122,FR79 2079 9631 18L7 1DFX RJCH Y92,-8544.39,Retiro,2023-07-29
123,CZ13 0522 6409 4652 2021 3862,-2148.95,Retiro,2023-07-30
124,DK05 8129 3268 7102 69,2912.1,Ingreso,2023-04-19
125,IT29 Q783 0472 4371 065H VFWW CR3,-937.54,Retiro,2023-10-10
126,LU74 689N KUWP 9Q7S AWLR,-8080.52,Retiro,2023-06-27
127,AT16 7966 0809 9774 7446,-9744.71,Retiro,2023-08-06
128,PL44 1390 3754 5805 5238 4298 0095,-8779.53,Retiro,2023-12-16
129,PT63 4199 1479 0561 3966 1129 9,-4651.9,Retiro,2023-09-11
130,SI97 4519 8590 5443 752,3373.2,Ingreso,2023-03-11
131,ME77 1618 8648 4843 3436 39,7399.97,Ingreso,2023-08-19
132,MC50 8140 4455 543U KBYM FNS5 331,6763.09,Ingreso,2023-06-18
133,DK46 3882 4463 5740 96,-5186.22,Retiro,2023-08-28
134,FR20 8604 2174 42TD WLXD CF1N N24,7384.25,Ingreso,2023-02-13
135,MU80 NRYB 9833 1605 9728 9846 990U XK,5247.5,Ingreso,2023-05-20
136,LB28 4896 XJYM RZTK YUWR DZ7X POIF,3383.61,Ingreso,2023-11-19
137,BH57 DEPT F2YX 6P9K 9OEY TS,7682.07,Ingreso,2023-03-08
138,HR75 8916 6783 6973 7573 2,-6786.71,Retiro,2023-03-25
139,KW69 LRDB F6AK 2JQV V3YR ZTKE DKKW NI,-8441.52,Retiro,2023-05-16
140,GI32 WZBZ UZ65 4I6O T7UH 8LR,6545.6,Ingreso,2023-12-15
141,IT03 Z195 3995 146T SHNE CXWK NAD,-8748.39,Retiro,2023-01-14
142,GE36 WP92 7385 4520 5927 35,7196.41,Ingreso,2023-03-14
143,DO17 TRWA 7226 4733 8390 8903 8103,4325.84,Ingreso,2023-07-23
144,FR37 1569 9740 65DR WGB1 C2TA G40,-1311.75,Retiro,2023-05-23
145,FR69 9458 1267 41UY J77A KY00 E25,-6150.91,Retiro,2023-08-06
146,AL33 2928 3888 XLAX KVQY 95JM T8ZV,6886.41,Ingreso,2023-10-28
147,SM93 H941 1525 474D 939Z VJKY 7BE,4867.12,Ingreso,2023-10-29
148,PT06 8318 8475 9736 7231 3212 8,-9674.47,Retiro,2023-01-23
149,FR88 6502 8024 39HB IA5A GIGS I09,-5842.39,Retiro,2023-02-26
150,LU11 916G 5SE7 Z6BJ 6SGM,964.93,Ingreso,2023-09-30
151,SE07 9957 5495 4364 2906 5121,6687.16,Ingreso,2023-01-29
152,DE96 6446 4577 9499 0844 56,8012.18,Ingreso,2023-10-01
153,BE29 3555 2802 2430,4724.09,Ingreso,2023-04-11
154,NO16 6026 6177 643,-1901.02,Retiro,2023-07-05
155,MU53 IRBS 0148 8100 1340 8215 120K DS,-3367.69,Retiro,2023-11-08
156,IL11 0222 4242 2079 4519 214,-5396.48,Retiro,2023-01-23
157,PL73 8585 8997 8593 4294 2869 8475,2325.15,Ingreso,2023-11-29
158,CZ83 9276 7097 8714 4684 3180,2394.72,Ingreso,2023-04-03
159,FR19 3890 8447 15PA RGZW DEBS Q34,4826.28,Ingreso,2023-03-08
160,CZ79 4308 6995 3957 2487 7926,6389.08,Ingreso,2023-11-01
161,HU06 3237 2768 9333 7664 9960 8426,7360.38,Ingreso,2023-02-21
162,CR49 5716 7317 1938 5715 6,8135.4,Ingreso,2023-07-24
163,MT07 INVM 8171 3N7R C10D 8RVV XJYF MFG,-2009.17,Retiro,2023-06-05
164,MK06 973K EMYD BTWI N12,-6761.96,Retiro,2023-11-21
165,CH69 3985 4II6 BYRL N26A 7,-2881.75,Retiro,2023-09-12
166,FR38 2334 2600 817G X2NJ PT61 B75,-6730.28,Retiro,2023-04-26
167,FO49 7012 7354 1501 12,-5416.92,Retiro,2022-12-29
168,HU98 0447 6620 0172 3790 0613 3471,629.01,Ingreso,2023-06-07
169,MK43 113G 7GQX NFYS T14,8587.27,Ingreso,2023-04-18
170,BG44 HCNX 2412 34LT IVKO WW,-9512.26,Retiro,2023-12-05
171,GR63 0288 186A DSTE IHDD NLBT 3YM,9860.22,Ingreso,2023-10-27
172,MU39 XEAV 6375 0078 3599 6850 341H QL,-8154.64,Retiro,2023-07-06
173,CZ86 1192 1128 0746 1262 0516,-8262.3,Retiro,2023-04-28
174,AE28 6412 5622 9281 9103 484,4504.03,Ingreso,2023-11-15
175,SA41 43XN IC4S ZTAI HKH3 WJBE,4398.16,Ingreso,2023-08-13
176,TR13 8042 7YJG LHTB FAAD 4ULQ GB,9059.14,Ingreso,2023-03-29
177,MD53 ZRSO F2UQ NZWG AWW1 KTYL,8249.98,Ingreso,2023-11-12
178,MR60 6169 6312 9200 9612 2954 386,6908.51,Ingreso,2023-04-02
179,FR97 2966 7979 0276 CJJA GOGE Y73,-6158.5,Retiro,2023-07-23
180,BG64 WTKV 1605 28NF TJGK O5,9821.38,Ingreso,2023-01-23
181,HU52 4413 5830 4746 0926 3890 4399,-137.4,Retiro,2023-12-02
182,PS04 QQBW ZIUQ PI1M PK1K QSO2 LHTR 9,4101.15,Ingreso,2023-03-11
183,IE10 QALC 1595 5418 5480 43,-1779.37,Retiro,2023-06-30
184,SE44 1053 8795 9553 2817 3908,1058.09,Ingreso,2023-09-03
185,PL93 4391 9704 7257 3362 6533 8734,-8365.14,Retiro,2023-06-09
186,GE60 EJ80 9182 2534 7537 06,7072.31,Ingreso,2023-02-05
187,RO10 CCSW PACH EBHI 7IWO NW3F,-2318.76,Retiro,2023-11-25
188,LT81 7937 8040 9972 2779,1194.29,Ingreso,2023-02-11
189,LV71 ODTS T2ZF T0IQ JRLD D,5075.63,Ingreso,2023-11-26
190,HU06 5250 9574 2387 5062 7150 6464,1065.12,Ingreso,2023-08-11
191,AD85 9744 0282 FKYP NGJV TDCK,7185.63,Ingreso,2023-10-29
192,GE59 WR14 9270 6095 1564 73,-1729.57,Retiro,2023-10-01
193,FR20 9152 0796 08UP GWKD LJFF Z57,6501.4,Ingreso,2023-09-24
194,BE19 2336 0802 6053,2730.45,Ingreso,2023-09-06
195,BH34 VYLV THLF QTPU 6H3B BL,-2237.86,Retiro,2023-08-13
196,CZ81 4167 4531 2284 9835 1439,2642.29,Ingreso,2023-04-19
197,FR82 6876 2430 81HH 255Y Y0PH E60,-291.97,Retiro,2023-11-29
198,CZ11 8730 8022 5136 7602 4307,-307.55,Retiro,2023-03-28
199,FR13 5826 6407 44MS YO7O WEXN O06,5911.26,Ingreso,2023-08-23
200,BH51 HBLF PSUT 1VOG RYQP YP,-3149.27,Retiro,2023-08-23
201,FR81 3377 6458 446J FVRF GMOC P32,8484.82,Ingreso,2023-08-27
202,AT24 8816 8478 5658 1069,-8850.12,Retiro,2023-10-22
203,LI46 4543 5938 4OJJ OQOR X,-3039.41,Retiro,2023-01-19
204,AT23 0825 6883 1438 5309,6786.09,Ingreso,2023-06-25
205,MD46 TIJ8 SWEY NDKR BECK APMF,1333.4,Ingreso,2023-04-19
206,BG04 JWOJ 3915 51VZ 3PCK DL,-6201.51,Retiro,2023-06-05
207,HU73 5910 0380 5215 9611 9209 2489,5435.52,Ingreso,2023-10-29
208,SA22 72MV YGBM NPKX PRAP P7P9,962.26,Ingreso,2023-10-17
209,FO39 4273 6674 0314 57,-6487.66,Retiro,2023-06-08
210,MD62 GUYS 353Y 1CJV BGWR ZTNY,-3267.56,Retiro,2023-12-05
211,HU86 0827 0079 7708 1209 9848 3565,-3548.61,Retiro,2023-08-19
212,IT93 X328 0400 597M S2RQ SL4U XAD,-6207.04,Retiro,2023-11-01
213,FR84 6805 5402 30FM TCJP YQJX J94,-9492.87,Retiro,2023-09-25
214,AT15 9351 1871 0619 2778,3963.54,Ingreso,2023-11-05
215,PS32 TYZK ZN2N CL5I 6VXZ X0KL DETC Y,-840.87,Retiro,2023-10-02
216,FR53 2035 4839 36NO 6SLH GXPT H93,7743.17,Ingreso,2023-02-11
217,TR11 9564 3VUG VQOM PUNZ QGCI FM,3654.36,Ingreso,2023-06-06
218,SE89 8854 2959 8411 8510 7701,-5551.88,Retiro,2022-12-31
219,DK86 8719 0254 4060 65,-3020.96,Retiro,2023-05-16
220,KW38 QKRY HSKC B8VI DMIX GDMU FVBO K1,-5342.75,Retiro,2023-11-23
221,KZ15 7316 1DSZ OIIY UEZD,3245.07,Ingreso,2023-07-14
222,LU70 148O QYNT 5CZK IIUN,9377.08,Ingreso,2023-05-17
223,PT84 1547 0608 2529 4584 1348 2,2849.39,Ingreso,2023-02-18
224,MR68 1284 6821 3175 2336 8693 669,-3785.86,Retiro,2023-05-21
225,FR09 0473 7672 63GY IAY1 YQ5C 505,3924.54,Ingreso,2023-11-07
226,MC20 1728 9666 58CC S72Y 7DVD 798,-6481.3,Retiro,2023-12-14
227,BG83 MDIV 3951 993J JVUD Q5,4315.07,Ingreso,2023-06-28
228,BG14 ZFMZ 0849 13FG EUGH NW,-7196.74,Retiro,2023-01-03
229,IL91 3795 2281 7423 5276 455,4166.45,Ingreso,2023-01-15
230,AL72 8267 0351 M2EC MJFZ SIY3 3CRK,-6246.11,Retiro,2023-12-17
231,SI65 0526 0289 8637 248,-1865.51,Retiro,2023-10-02
232,GB13 DJKF 4884 9036 8925 34,14.97,Ingreso,2023-09-22
233,LT57 8344 9718 6529 9656,1909.89,Ingreso,2023-10-27
234,AL65 5199 3321 MGAQ OCMR 8RTD JEG4,2922.21,Ingreso,2023-01-26
235,KZ48 423E UTFK YXSA 6VY0,4971.63,Ingreso,2022-12-25
236,GR25 1523 766R Y5QD JDT5 1VUS FFE,1407.15,Ingreso,2022-12-31
237,MK31 840H 6RIM MJSG Z63,-2646.01,Retiro,2023-02-10
238,HR46 9057 1722 8045 1888 0,-4581.99,Retiro,2023-04-10
239,SE74 5848 5044 0198 7312 0410,1372.01,Ingreso,2023-07-23
240,PT64 3125 8842 3990 3626 4355 1,3561.05,Ingreso,2023-02-18
241,MU88 CXEO 0049 4258 8635 9572 157H NR,-8626.97,Retiro,2023-08-17
242,LU67 4413 C3XK BGOA NFSO,-7141.97,Retiro,2023-06-10
243,LU44 547L TFZN LIWE BPBS,-5087.79,Retiro,2023-07-24
244,FR08 2849 3473 56QY S2EQ VPJA H81,2099.98,Ingreso,2023-05-01
245,IS09 0033 9568 1960 8119 2479 98,5849.79,Ingreso,2023-06-16
246,ES84 2147 3465 0852 5649 1323,-6426.64,Retiro,2023-07-28
247,EE58 3959 6580 2016 5610,-4795.96,Retiro,2023-02-22
248,MT80 HKBV 2021 5PFY OZDY P3KQ 8KGU LYX,-5981.47,Retiro,2023-11-05
249,TR89 7189 1CPN XDE5 GOHV B24Q KF,-2899.29,Retiro,2023-04-12
250,HR38 2405 0901 3300 0777 3,-69.96,Retiro,2023-12-08
251,HU43 6152 5888 8231 8488 6377 8673,6980.65,Ingreso,2023-09-30
252,GB87 VHSD 6560 2460 8282 55,2126.42,Ingreso,2023-03-18
253,SM62 N981 9500 072Y SDA7 ZCQP 9PP,-9610.54,Retiro,2023-12-02
254,BE08 1710 3838 1600,-9309.49,Retiro,2023-03-18
255,HR07 5316 0145 7900 9105 2,-6081.91,Retiro,2023-05-02
256,NO87 0864 3254 187,1313.47,Ingreso,2023-09-04
257,EE51 7724 0674 1327 4477,7224.35,Ingreso,2023-07-15
258,AZ35 UDDX ZB1C H94I OYKN 6NGY MZRI,-2192.4,Retiro,2023-07-02
259,DE47 1692 0422 2089 8608 57,-2282.09,Retiro,2023-01-09
260,SM91 V314 4848 431W Q9KL 8BK1 JTY,-5729.02,Retiro,2023-06-19
261,FR95 3217 7557 36PX QDKM O52T B03,-4731.96,Retiro,2023-02-23
262,FR70 3246 4176 22TD GMSM SR17 Q59,3005.76,Ingreso,2022-12-31
263,FR50 7753 2430 31VY SAEQ JHEE G19,628.41,Ingreso,2023-11-25
264,ES61 1791 5966 8825 9725 1768,5940.4,Ingreso,2023-09-29
265,FR75 8606 9116 65Y8 ZM1I 8CAV 171,8567.49,Ingreso,2023-09-09
266,LV07 ZDDI 3YHS LSQM 5SSR Q,1753.88,Ingreso,2023-05-12
267,HR21 6201 5133 4770 0513 9,8976.18,Ingreso,2023-10-27
268,FR83 5665 9401 1300 ORYJ YDZ7 V48,-2868.95,Retiro,2023-09-24
269,AZ61 VOEH SHOX QNRW 9ZKY ZSM7 AH57,-101.68,Retiro,2023-09-30
270,LI93 8457 1Q2V ML9R KEDC L,6748.3,Ingreso,2023-03-07
271,FR17 4307 6804 97CS WK8N 3YIK J82,-8808.7,Retiro,2023-11-25
272,FR23 7653 8714 96X5 MMHU QQXM E37,-270.34,Retiro,2022-12-22
273,BR66 1730 6007 8279 9257 2220 499T 3,2497.07,Ingreso,2023-02-28
274,TR87 0136 2QZF WKWS RZ3E CQVJ CH,5397.19,Ingreso,2023-09-11
275,BG94 MAHL 4597 49TU IKAH R3,447.25,Ingreso,2023-07-29
276,EE15 6453 1288 9994 8838,7806.32,Ingreso,2023-05-15
277,FR70 3789 6454 742L XX6J VXTM P91,6323.51,Ingreso,2023-07-19
278,BG91 SJAD 5643 24SG HM4Q XW,8385.15,Ingreso,2023-08-11
279,FR81 6708 2348 17OF NRA8 UNIX M23,2547.97,Ingreso,2023-08-04
280,LI72 8997 9ORO TYV6 SV4K Q,6888.07,Ingreso,2023-05-31
281,FR92 1883 0176 72TS JM3D EHCS I22,4562.76,Ingreso,2023-09-03
282,FR58 9497 5030 421G EKAL HPPQ L90,6352.08,Ingreso,2023-07-15
283,RS57 0699 7389 7797 0359 01,7391.95,Ingreso,2023-06-29
284,AT17 0206 4942 6042 2287,-40.15,Retiro,2023-09-02
285,DE29 1598 0083 3809 9274 17,6670.29,Ingreso,2023-03-07
286,FR16 0112 3534 82EH 5HH7 OBHR G86,6968.78,Ingreso,2023-09-29
287,BE90 8215 4703 2329,-7002.93,Retiro,2023-07-30
288,BH96 DGJU YBXD ZNZ9 CUWH CQ,-4483.62,Retiro,2023-02-02
289,MK71 262L HR5Q MDNP B34,-8102.27,Retiro,2023-11-14
290,FR58 8278 5745 66CF 8LLN VXLX H06,-7846.33,Retiro,2023-04-04
291,SK66 5312 3865 3608 0524 3006,6813.05,Ingreso,2023-04-05
292,NO30 7854 0802 597,-3492.54,Retiro,2023-03-02
293,PL70 5445 3613 8940 3694 4801 5262,308.02,Ingreso,2023-02-16
294,MU71 TKOM 2963 3318 7989 5265 459F UM,-313.07,Retiro,2023-11-23
295,KZ47 3319 DHHQ CHNL JLYL,902.26,Ingreso,2023-09-07
296,GL30 0707 2185 4634 53,176.7,Ingreso,2023-04-29
297,DO33 WWTM 8657 2711 8586 0191 7736,-2461.82,Retiro,2023-04-29
298,FR56 7771 9807 74H9 ZUXY Z2DI B91,6943.09,Ingreso,2023-01-05
299,GB38 CTZS 5177 5340 9387 08,2247.55,Ingreso,2023-03-03
300,FR03 7595 0102 60EU GNWS J9GI J36,2918.75,Ingreso,2023-11-05
301,NL59 ZWHN 9228 1737 54,-8496.47,Retiro,2022-12-22
302,FR06 5501 1741 48NK BHQ5 LM75 B68,9453.59,Ingreso,2023-03-07
303,AL52 6563 5459 GV5C BGBH C4SG SCJK,-8777.53,Retiro,2023-08-27
304,FR57 9547 6265 167R 1MLD DCNB A13,-4594.15,Retiro,2023-12-02
305,CH16 4416 5E2I W7T0 GOOG V,8591.76,Ingreso,2023-01-21
306,SK21 8019 1218 0401 5790 7172,-9133.49,Retiro,2023-06-15
307,FO50 8725 8155 0336 66,7015.46,Ingreso,2023-08-07
308,AE30 3632 5508 2619 3996 037,3723.69,Ingreso,2023-06-12
309,NL64 RYBN 7479 7884 45,5823.09,Ingreso,2023-02-27
310,BE37 2341 3560 3491,1312.3,Ingreso,2023-04-22
311,IL54 6032 9538 3956 6034 260,-3765.56,Retiro,2023-06-27
312,KW66 RTBW 8KAN 0WQC 7LPO QGJO IWKZ 8H,5810.45,Ingreso,2023-11-07
313,MK03 138Y BRN3 HN8U W90,-939.21,Retiro,2023-11-03
314,PL70 5312 4621 9771 6804 5625 7201,-9632.03,Retiro,2023-07-25
315,LV03 MKNR FOXJ ELJF TEFK S,-8402.27,Retiro,2023-01-03
316,LU53 7556 TF2L YLYD TSTL,-8247.64,Retiro,2023-02-27
317,FR12 8275 6775 58OM PBYC KKR0 M08,-3368.83,Retiro,2023-02-10
318,VG41 MCVU 0267 3688 0598 4733,-8745.69,Retiro,2023-08-03
319,SM96 W801 8292 5297 XH32 POHC A60,-1601.99,Retiro,2023-02-12
320,NL20 LJGZ 7398 5656 46,-3992.29,Retiro,2023-10-06
321,DK30 3727 5880 2446 69,-2700.86,Retiro,2023-05-05
322,SM39 E236 2425 139Q ZBO7 FXAZ PM7,3510.12,Ingreso,2023-03-21
323,PK25 OFMH INWJ TLVB HQPC 2VHP,-7536.7,Retiro,2023-02-12
324,DK14 1653 4649 2312 16,7887.04,Ingreso,2023-06-08
325,KW93 WKUO SF8X DFXJ ZXAM DARN NAT7 02,-5158.6,Retiro,2023-05-20
326,KZ57 527L 89FP BOP9 8MWK,-856.52,Retiro,2023-04-23
327,FI64 1514 4447 5571 30,-4131.73,Retiro,2023-08-19
328,DO34 OBIH 1139 0852 2197 4063 5472,1079.87,Ingreso,2023-06-30
329,GB84 XSON 6494 8259 7446 64,6280.58,Ingreso,2023-11-18
330,SE10 6359 3886 2152 6548 4131,3041.99,Ingreso,2023-05-31
331,FR66 7915 3518 97KU DIJT XZOO E96,-1827.43,Retiro,2023-01-20
332,CY24 6605 7091 KTSL FIKT HEO2 MEWB,-1.84,Retiro,2023-10-16
333,IS06 0384 1580 6581 7943 3015 18,9142.48,Ingreso,2023-12-14
334,NL82 LIWQ 1855 4856 44,2580.29,Ingreso,2023-10-04
335,FR72 3016 5935 22AM 78QW 8QKE H63,-4851.94,Retiro,2023-06-08
336,KZ38 277E LGTB JME9 EE6R,2255.48,Ingreso,2023-03-01
337,DO47 CMXA 7666 7084 8768 6207 6248,-5195.63,Retiro,2023-12-05
338,SE67 9654 6320 6994 7653 5087,7579.01,Ingreso,2023-04-11
339,BG38 LSAW 4126 18KA JBSB IX,5998.78,Ingreso,2023-09-24
340,PK82 AAWJ B9EF ELEC 5RNJ TY2W,8417.26,Ingreso,2023-07-05
341,LB60 6308 4ZI3 H1WZ QZN3 UUIW ZVLF,2959.12,Ingreso,2023-10-05
342,BG85 RTWN 9623 13BB CAOE AQ,-8081.01,Retiro,2023-06-30
343,AT28 5516 3476 1662 3783,-3740.97,Retiro,2023-09-26
344,AT11 3259 6924 5237 7721,-5422.39,Retiro,2023-11-30
345,FR59 0008 2637 89HN KQWV SIGZ H05,9422.28,Ingreso,2023-02-09
346,LU86 288W Q1VO LQVQ L9YU,-9233.78,Retiro,2023-01-09
347,BA37 6597 7710 9160 3174,-3256.66,Retiro,2022-12-30
348,LB76 3741 Z0ZQ JG2J 9SXU JFZN RHRZ,4672.7,Ingreso,2023-09-02
349,KZ36 086V QUCH A1BM MBVG,7370.54,Ingreso,2023-12-12
350,FI75 5207 9474 4174 65,726.08,Ingreso,2023-02-17
351,HR20 7679 7178 1540 5283 7,-5000.55,Retiro,2023-02-26
352,CR91 4050 5302 4674 7855 1,-4525.57,Retiro,2023-07-01
353,GB76 MLOJ 7051 1901 9357 30,-3658.48,Retiro,2023-06-19
354,MR51 9918 9756 5275 2170 4297 648,7092.27,Ingreso,2023-09-13
355,RO43 BJFW PJFZ DZZG EMGL CREC,30.81,Ingreso,2023-08-09
356,AD36 0559 8725 RJKJ O1VU HDNJ,6907.89,Ingreso,2023-11-08
357,HU08 3652 1522 1309 2259 0452 3425,-9368.17,Retiro,2023-01-25
358,GT06 400B S9E1 CQG1 W3NG UIP0 NSCS,-5610.76,Retiro,2023-06-17
359,GB61 PBYG 7778 1972 4579 02,8931.95,Ingreso,2023-02-21
360,EE87 6810 8328 7966 9519,-5602.74,Retiro,2023-03-28
361,KZ06 189O PZAD WRMX RVCC,-8950.14,Retiro,2023-08-12
362,GL45 7796 0051 5040 16,-674.34,Retiro,2023-03-21
363,RO68 OPDZ UF8G YIFK 44FW IB1F,-7252.64,Retiro,2023-01-11
364,FR88 6643 4084 32TE SVJO DPVJ J93,-2786.73,Retiro,2023-08-29
365,AD76 4505 0499 HA7T GNBB IB8E,7551.47,Ingreso,2023-01-27
366,ME25 2893 8095 6872 4329 35,6003.16,Ingreso,2023-01-31
367,FR24 3426 6614 92BK RB8A M1II F93,-397.57,Retiro,2022-12-28
368,AZ88 ISNW KDYN MVT2 MWAC TJ4K 5ESH,2849.84,Ingreso,2023-05-03
369,FR43 7092 2760 31ZZ 2JDC JGTM J09,1020.02,Ingreso,2023-05-31
370,FR73 5023 8313 51JA TRMT 9JYS 676,-5611.87,Retiro,2023-09-17
371,EE46 6844 9999 2487 2930,448.97,Ingreso,2023-08-16
372,TR03 9836 7HJD MMK0 SD9V HRRK OZ,-9845.82,Retiro,2022-12-30
373,AL21 9462 9053 ZMWA NDMD X5JC KGRU,7040.83,Ingreso,2023-08-03
374,AL64 7446 3081 QHGE BJX3 IZ91 ENBT,-3586.24,Retiro,2023-09-12
375,BA17 5267 8446 0902 2096,143.48,Ingreso,2023-02-04
376,MK33 4751 2ZNH ZVUR H05,-5515.38,Retiro,2023-10-30
377,DE98 1010 9449 3391 8706 28,9006.08,Ingreso,2023-08-27
378,GE53 YM54 4853 3750 3095 99,-9407.56,Retiro,2023-10-02
379,FR94 4221 0567 98FN 2GHC 3GGF 528,7821.68,Ingreso,2023-07-02
380,IL92 5249 5287 2805 2059 892,9076.65,Ingreso,2023-09-29
381,NL94 MLTS 4120 4387 51,-5098.86,Retiro,2023-08-19
382,FR82 5989 2026 65KM 2GDT BOBP 394,-3642.04,Retiro,2023-04-23
383,MR38 9596 3302 9304 4113 2977 569,-8496.0,Retiro,2023-03-27
384,CR24 8432 3464 8785 4864 8,-1753.67,Retiro,2023-09-29
385,FR06 1741 6739 97H3 MAGJ 6D6E R21,4887.72,Ingreso,2023-06-04
386,FR22 5980 0222 17AU 7JGN QKNV S03,-9570.11,Retiro,2023-02-20
387,FR40 8653 8642 90SO 5QXG JKIG U24,1678.63,Ingreso,2023-06-02
388,FR68 0027 4873 28DQ ZSZY RGVB J01,-9001.03,Retiro,2022-12-22
389,KZ98 259E UPEL XSYE 9IBC,2279.0,Ingreso,2023-06-06
390,MK71 726L XP9I 3YGH B14,-4164.06,Retiro,2023-05-16
391,FR48 3943 4884 796T ONWH V802 Y37,9682.94,Ingreso,2023-07-05
392,PK93 SQGU JEIY JABP DLIY YM7U,6908.1,Ingreso,2023-05-07
393,MR67 5437 5289 5956 7357 4103 603,1796.79,Ingreso,2023-11-27
394,AT12 3275 9927 1684 8552,2427.16,Ingreso,2023-06-16
395,MU46 HPRY 0452 6651 2467 5188 462F TV,5947.01,Ingreso,2023-01-13
396,MD55 OVOH H5CN 0VDA ZIMU KNX4,-9092.35,Retiro,2023-03-08
397,FR51 6132 4113 50QH O01V KXWU F60,4539.12,Ingreso,2022-12-22
398,FI51 8455 3030 7356 64,7964.32,Ingreso,2023-03-16
399,GT24 PIM9 RZRJ B79R BF36 IOPH OKJZ,-7328.29,Retiro,2023-05-07
400,FR73 4206 5720 37YC HMKP 3UTN E38,-2051.81,Retiro,2023-03-12
401,FR02 2254 3078 480U V7KI 99AL Y14,-9672.78,Retiro,2023-09-05
402,GT97 FVZY XPGK S6RE PWQI UTJ6 89CI,3685.48,Ingreso,2023-06-14
403,BG08 ZIEC 0859 65CT FW3I E5,1232.47,Ingreso,2023-03-09
404,FO41 5207 1862 9661 72,9870.94,Ingreso,2023-05-28
405,PS24 VNOS MMPJ NAAI BOAX NQGI 11WN D,3415.3,Ingreso,2023-11-10
406,SI37 3415 9696 5357 372,-927.3,Retiro,2023-04-15
407,IS73 4958 2231 9879 8224 4524 39,-9048.92,Retiro,2023-11-16
408,AZ87 WYFE YWZN QBN4 B8JF 0YIX FSGB,2817.15,Ingreso,2023-10-06
409,LB12 8000 ZRIZ XM5T ZZ8X R1W6 6PTV,7346.65,Ingreso,2023-07-15
410,AZ44 JXQS QK4A STAF TO6L BNWM SEVA,5738.16,Ingreso,2023-06-22
411,FR22 0433 6083 41ET TEFH NKBG D60,-6858.29,Retiro,2023-07-08
412,FR04 9291 0756 21VF YVCM FRHT R34,-5234.59,Retiro,2023-03-13
413,LV76 CJUZ HWDK 1SVU RM7O W,3144.86,Ingreso,2023-01-15
414,BE61 7733 4848 4019,-1781.57,Retiro,2023-04-23
415,FR11 5178 1701 79OG DWOE EYEB H09,4811.08,Ingreso,2023-01-20
416,FR22 0060 4231 42DL 4POE 1ZRP C67,-3904.63,Retiro,2023-05-23
417,DK89 3575 7582 6023 16,1960.08,Ingreso,2023-02-21
418,DE05 7121 2056 0541 9111 90,-2491.16,Retiro,2023-07-15
419,CY46 6354 9335 Z8VI S8ND VAAK 5TH5,3462.0,Ingreso,2023-07-18
420,RS29 6624 3607 5160 1501 99,-9493.45,Retiro,2023-10-01
421,MU86 GXKR 9720 0127 2549 9442 939D MN,-1824.5,Retiro,2023-07-26
422,KW50 XWWX 2S50 QRJL CSWY MNDQ ENAY HK,-413.03,Retiro,2023-12-07
423,RO08 AGWU S3Y6 MOIR 4HZD QPF1,7322.99,Ingreso,2023-10-16
424,TR83 6630 9OWK W0PM SUNH LAOM TY,-8251.08,Retiro,2023-10-29
425,AD44 5364 0881 6D6V V1XR FCBV,-7768.15,Retiro,2023-01-09
426,AD05 3910 1017 TP24 LWYT YJJX,-3222.91,Retiro,2023-10-11
427,LB15 5842 R9TW 2VPG 2A5L PAAU QKQV,-4357.0,Retiro,2023-08-22
428,GE20 WL89 2989 5126 9991 79,-6969.75,Retiro,2023-10-21
429,FR61 5685 7192 50FD VRJD WAER 016,2014.56,Ingreso,2023-11-11
430,BG36 NETW 3891 9501 KI8I EG,-8973.24,Retiro,2023-06-09
431,FR70 7316 2690 67VK L8XV LREG S79,-2248.26,Retiro,2023-02-17
432,MU25 HQFO 9055 0984 2192 9420 090D LP,-929.82,Retiro,2023-03-08
433,CZ73 1251 8817 2632 7042 0623,5110.85,Ingreso,2022-12-30
434,BH12 TDBR YTNR YBSE AZ1D GO,-1512.73,Retiro,2023-08-27
435,FO15 5031 2806 8540 37,-1007.17,Retiro,2023-12-10
436,PS18 KQQZ XSJ3 Y9YF CP0J 53TD EN33 W,8872.29,Ingreso,2023-01-17
437,FI74 0114 9295 6133 82,3504.54,Ingreso,2023-07-26
438,FO86 5273 9889 2114 14,-1901.08,Retiro,2023-01-20
439,KW03 IWBP UAEL CGY0 INID OTGO OUP8 XK,-1594.88,Retiro,2023-04-11
440,FO11 2479 5512 6888 15,-3392.47,Retiro,2023-05-16
441,FR86 7990 2674 23EO ZHXN VEB3 Z58,-2515.47,Retiro,2023-01-24
442,TR15 9503 2YYI PP3U GWTK 4GOY OK,-7845.5,Retiro,2023-10-16
443,FR84 8910 6967 77VV OZEM GLUQ 206,-4439.65,Retiro,2023-11-23
444,DE05 3133 0836 9288 2935 49,-5586.76,Retiro,2023-08-10
445,IS08 9657 5585 1776 0821 1105 05,885.39,Ingreso,2023-09-03
446,CH93 9729 3JK7 OFGE PNAW T,-1563.17,Retiro,2023-05-22
447,PS37 QKDF GZWG IAQS I1KY MNUB ZSO4 P,-5051.94,Retiro,2023-09-28
448,MC58 0611 9564 34AV XBQT CTER F24,9351.24,Ingreso,2023-09-22
449,IT88 N252 5663 442Q SIIZ S0DY CI2,-859.75,Retiro,2023-09-13
450,BA17 6418 6032 4905 3755,916.8,Ingreso,2023-12-10
451,BG86 XDFI 3183 20WN TTKR YV,-2110.1,Retiro,2023-04-27
452,FR12 4080 4030 153Q AX8Q LQCV O84,-5940.34,Retiro,2023-08-22
453,AT81 2354 6057 6493 5292,7286.43,Ingreso,2023-05-09
454,CR95 1257 9132 5252 4609 5,-1555.0,Retiro,2023-01-10
455,SK35 8107 5521 2023 2964 5122,-3657.6,Retiro,2023-12-06
456,BA18 8728 9947 7610 8691,-2695.34,Retiro,2023-06-01
457,FR73 0995 2410 446Q FRFL 4FFO O62,-8530.84,Retiro,2023-02-07
458,KW27 FAYU OJIF YHQC KSKS 7UX7 KBFK OB,10.8,Ingreso,2022-12-19
459,MT36 SHRR 5282 9MJM LJXY JLX0 6UOI KPX,587.73,Ingreso,2023-10-25
460,FR57 9351 4062 59S9 QTCB SDWA I80,5364.92,Ingreso,2023-06-02
461,IL71 4170 2818 8686 5785 365,6537.77,Ingreso,2023-06-11
462,CR70 4927 8646 2504 8655 9,4174.95,Ingreso,2023-06-06
463,BH28 NUZM ASMX 0L8T B4PO TP,9799.87,Ingreso,2023-01-18
464,AD56 0142 3126 NAQP DQH3 6DHP,-3860.27,Retiro,2023-09-03
465,HR91 3260 1650 1684 6605 0,7845.88,Ingreso,2023-06-04
466,AE50 3619 4884 7110 0327 668,-4770.9,Retiro,2023-02-18
467,FR93 8533 0875 78BX MEAW 6U5T G29,8937.31,Ingreso,2023-04-12
468,TN95 2480 4900 6308 8655 4932,3678.31,Ingreso,2023-07-24
469,IL52 3310 8246 7339 0045 107,-2150.29,Retiro,2023-04-24
470,FR25 1591 1037 12HP TBBM DAOX O01,9323.2,Ingreso,2023-08-12
471,FR81 4564 9002 97J7 RIQD IZYU P25,297.95,Ingreso,2023-11-27
472,FR15 2879 1999 43BY PKBK DHSP M35,-5199.47,Retiro,2023-09-01
473,FR56 8047 8483 27R6 8UM9 JDWQ A47,-7125.82,Retiro,2023-11-27
474,CR83 9857 5609 8193 2208 1,8497.35,Ingreso,2023-01-05
475,LT79 7777 1599 1011 1018,1750.75,Ingreso,2023-11-25
476,CH88 7450 0F8N 4S1C SINZ K,-8847.41,Retiro,2023-05-27
477,FR89 0441 1357 86MT O80E MPDA L74,-2087.31,Retiro,2023-09-05
478,GT12 R4U4 CW8B XV44 LUVF BSFF DFNB,9483.3,Ingreso,2023-11-09
479,SI60 8165 8294 2230 321,-1954.44,Retiro,2023-05-01
480,FR70 7260 5484 86PB GDFH GBVY O66,-5883.45,Retiro,2023-02-14
481,EE42 0835 8025 1937 6479,-1756.44,Retiro,2023-10-26
482,DO05 CMKM 8807 7692 7992 2176 1439,4272.63,Ingreso,2023-11-25
483,FR11 3426 5565 58SY KW1T 8HMJ B88,2704.04,Ingreso,2023-08-07
484,FR88 5822 1592 471E AOUV VIBU G46,-6902.19,Retiro,2023-08-09
485,BG08 WPVU 9931 78R6 QYTG QY,645.26,Ingreso,2023-07-15
486,GB81 WTAW 8867 7305 0036 07,6845.55,Ingreso,2023-10-19
487,PT68 0220 2021 3147 9920 6845 9,8200.05,Ingreso,2023-07-16
488,FR85 1036 3405 86OL MKF2 LWCG 629,5005.6,Ingreso,2023-03-05
489,IE32 PFYI 6412 5546 3450 74,2185.16,Ingreso,2023-05-17
490,RS66 0755 4102 7338 8769 82,-2386.68,Retiro,2023-02-12
491,RS11 2968 2891 4529 1230 66,-3628.98,Retiro,2023-03-10
492,RO50 CYXV JASJ MZOH AELH NL0T,-7846.36,Retiro,2023-01-07
493,SM88 Q386 8008 912G 2XZH MOPG TNQ,1502.48,Ingreso,2023-06-06
494,EE37 6723 9327 9965 1510,8479.13,Ingreso,2023-09-14
495,AT69 8769 0762 5176 0667,649.53,Ingreso,2023-02-22
496,FR15 3157 6194 27CF QMYA N9ZV F07,-2794.29,Retiro,2023-08-04
497,CY88 9981 1854 XIO3 JNNQ 9FUT QZN1,-5536.53,Retiro,2023-11-20
498,KW06 LOPY FHJT TQIQ SPT9 UBRI OOKR L8,-98.96,Retiro,2023-10-29
499,MC42 2806 9717 84YB L16Z LWPZ 739,9703.47,Ingreso,2023-10-15
500,BA64 8597 4790 3807 8905,7088.03,Ingreso,2023-07-29
501,BH11 FWHF 9YGK MOGQ 0PTN O0,2509.21,Ingreso,2023-04-02
502,ME05 5461 4426 0745 6454 08,582.36,Ingreso,2023-02-19
503,DE29 7423 3709 7562 4831 50,3992.59,Ingreso,2023-07-25
504,FR94 4239 7459 40CG HDFM 7VBH Z51,8942.22,Ingreso,2023-04-07
505,FR38 5542 0378 95OB VVU8 Q9OL H26,3698.46,Ingreso,2023-11-20
506,DE61 7064 2161 1302 5166 80,-6783.62,Retiro,2023-05-30
507,RS21 5441 2304 8509 2887 04,-8920.17,Retiro,2023-09-04
508,MT71 OYPV 0019 0YXX 1DRV BELI FILM UVI,-7545.34,Retiro,2023-04-20
509,IS57 9735 8595 5359 2770 3065 64,-1442.04,Retiro,2023-02-21
510,MR58 9676 1017 7597 4329 0111 226,4915.75,Ingreso,2023-07-05
511,LU02 761K WUO6 KG6P TTRW,-4438.87,Retiro,2023-05-19
512,FR46 3355 4693 20CQ WMGQ VTXO Z71,-6443.02,Retiro,2023-11-27
513,AE34 8451 9496 5551 5364 594,-9664.81,Retiro,2023-03-09
514,AE54 5081 9789 5067 8404 943,5157.56,Ingreso,2023-07-27
515,IE95 VEYV 0304 0476 1782 66,5116.98,Ingreso,2023-03-10
516,FR11 6755 9921 615W GO63 GYDE D51,2420.72,Ingreso,2023-01-01
517,SA98 246X RVSC AKBR A5J0 1ZMH,-6951.05,Retiro,2023-11-09
518,KW51 VTCY HNDL ERR3 L1VH RQVI H4RT FJ,-4447.3,Retiro,2023-10-10
519,SA13 05SR GKJ6 ZEON WJV6 RKE3,6051.92,Ingreso,2023-08-24
520,GL49 7261 1368 0342 38,6521.49,Ingreso,2023-08-03
521,MU43 JMIK 2231 1534 6456 6030 713D FD,-2337.96,Retiro,2023-02-17
522,PS59 UNGF 9MD2 U4I2 F569 KT60 QAXT 7,-5355.1,Retiro,2023-10-11
523,BA12 5896 1249 8974 7200,-7678.66,Retiro,2023-01-21
524,MT59 HYJT 5619 1NK6 K0MT IORE HX62 YU1,-1789.15,Retiro,2022-12-20
525,BR29 7561 8667 2099 8533 6376 356U D,5493.68,Ingreso,2023-03-30
526,DO36 B8CC 4662 9557 2620 5262 3190,6362.51,Ingreso,2023-07-27
527,AD82 8649 4545 CTKX DJNV U4IX,-813.81,Retiro,2023-07-28
528,FR70 0476 0867 92G5 WRHN 2DFJ Q26,6867.3,Ingreso,2023-12-11
529,LB09 9731 XUHR 48LG NM3R PJFV RZH4,8700.41,Ingreso,2023-03-04
530,TN71 7249 7834 4223 9781 4201,4634.86,Ingreso,2023-01-07
531,LU72 773V V27P GBPC LSEZ,4128.06,Ingreso,2023-11-27
532,MC24 8493 7699 519H 9FPR UNJH N47,4457.07,Ingreso,2023-08-17
533,MD21 UIXW FDYV ZYFD RFYD BWM1,5819.18,Ingreso,2023-03-29
534,FR40 9355 7438 44Z9 AWDC TDQ0 D87,-2765.35,Retiro,2023-04-11
535,GE26 KS74 8624 8948 9641 83,5916.7,Ingreso,2023-01-31
536,LV96 QVDW GBK7 6WV5 WVOW 0,-5930.03,Retiro,2023-12-05
537,GB98 YGVQ 3718 9100 2868 01,2524.54,Ingreso,2023-04-12
538,BG86 UOSI 3471 8398 PGMC Z8,5013.19,Ingreso,2023-04-12
539,FR90 2127 6045 63F9 HQCX FE3M M95,3527.46,Ingreso,2023-07-09
540,CH45 3691 3GOF VRYY CKI8 N,5039.54,Ingreso,2023-02-28
541,DE36 9680 2476 3447 3599 37,-4252.96,Retiro,2023-07-04
542,PS67 PZBH NBUG AVQL 5BTN B89B UW5E K,-7241.94,Retiro,2023-05-15
543,MT59 MEDQ 2509 6DEK 5XLU 0ABE J4TO OQ2,4447.54,Ingreso,2023-07-29
544,GI89 TODF 3QT3 BHF3 XQKN 3OM,-6816.76,Retiro,2023-03-05
545,IL59 9419 4044 6321 2918 619,-1221.27,Retiro,2023-10-20
546,FR22 3389 6047 22FI BZPO FJOC P78,9215.91,Ingreso,2023-05-14
547,IT37 X888 5243 552M 2TNN 9OJQ BVR,-2484.33,Retiro,2023-09-04
548,BG30 YTYE 5201 901C C4K3 3V,5536.67,Ingreso,2022-12-20
549,BG23 RMEG 5660 93OA WVV1 BZ,-2695.61,Retiro,2023-07-18
550,MD39 RUV3 ZIBC IDPU 5MEO LLUX,-2786.2,Retiro,2023-03-02
551,SA21 11S6 UTZL TSVY XEX9 QNFF,2251.94,Ingreso,2023-06-29
552,LU83 337L UJAJ QZSS EXQI,9778.56,Ingreso,2023-06-16
553,LV43 RYWP YPRT EHOY HEDI D,3188.91,Ingreso,2023-04-19
554,DO76 Y88B 4698 3850 8400 7710 2094,-5813.67,Retiro,2023-09-23
555,CY37 3786 2773 BYLD LRWG 7PVS S22L,4083.23,Ingreso,2023-02-24
556,LT58 8839 4953 9737 4421,959.53,Ingreso,2022-12-30
557,NL68 FENX 9986 9254 86,-2893.7,Retiro,2023-03-29
558,KZ78 973F UD6G B3XQ MTB0,782.36,Ingreso,2023-12-05
559,FR88 3865 4292 75IA FXFU NCIX G36,4603.8,Ingreso,2023-04-21
560,LI10 9879 0QWC 5DOH UG8D 4,-3039.38,Retiro,2023-04-04
561,MD38 HIIV TM8R DS7O TTDP HLHQ,6952.94,Ingreso,2023-04-03
562,FR61 5948 6286 34E8 NT1T WGRK 953,-8065.61,Retiro,2023-02-22
563,FO96 3573 1884 7470 58,-2378.9,Retiro,2023-03-08
564,LV85 XUTD KKTE 05MY OEUW Z,-4687.65,Retiro,2023-03-19
565,PL26 1702 1348 1421 7567 8909 6354,5034.88,Ingreso,2023-01-16
566,AL24 2192 9835 AWZM 3QPI JGP2 NG7Z,-9937.43,Retiro,2023-12-18
567,HR56 3942 1162 7571 9252 3,-8829.83,Retiro,2023-09-22
568,AE68 9799 1590 4816 9675 636,8078.7,Ingreso,2023-01-21
569,LI19 0839 00N6 MVES 7PBA K,-4285.98,Retiro,2023-01-20
570,LV49 KRJM PXAN YCCO 8VUD B,2473.64,Ingreso,2023-04-14
571,CY77 4161 3789 Z0YX ZWKY LHCO 0XTW,-7913.54,Retiro,2022-12-30
572,FR07 8748 9038 39U5 BLTA EMDS I00,706.45,Ingreso,2023-04-03
573,CZ50 8384 9288 0712 6508 6646,-659.92,Retiro,2023-07-07
574,RO51 TKRF ZWQW 1GW9 KWFA YMEN,7.75,Ingreso,2023-06-20
575,BR79 1339 6215 4117 3991 5631 047M N,6989.4,Ingreso,2023-11-10
576,RS62 1893 9558 8942 1303 10,-3694.21,Retiro,2023-02-27
577,MK56 872F YW7P KPPB 788,-5071.62,Retiro,2023-09-30
578,FR84 4414 0579 131J JGAC KRW3 B14,-9584.7,Retiro,2023-10-29
579,GT22 4EPD SR3X UB5W TJ6T 4VDA I7BD,5391.1,Ingreso,2023-04-27
580,NL67 OHXF 0907 6622 16,-8154.72,Retiro,2023-02-24
581,FI60 7618 6821 0520 00,7293.97,Ingreso,2023-10-25
582,CY34 8741 5619 8B2Y K38B WGTA 5SBJ,-5246.37,Retiro,2023-05-31
583,AL31 1480 4822 81LL 8BZ9 E3W8 7DTJ,-4309.94,Retiro,2023-06-05
584,BG35 FCRS 6125 86JP YEKQ YC,-5675.42,Retiro,2023-08-02
585,MK30 4457 GXRN OQBO 705,-9852.89,Retiro,2023-02-04
586,FR96 5485 0750 45T7 ELCV OD6T O53,4020.41,Ingreso,2023-06-19
587,IL57 6636 0590 4797 0551 970,-7533.11,Retiro,2023-10-09
588,GT10 18BW IORN 7UOS 5PYS 0OYI BEKF,-4435.59,Retiro,2023-05-07
589,CZ41 3446 4862 6807 1843 3014,2340.19,Ingreso,2023-11-09
590,ES53 5758 9166 3916 0101 2312,5273.29,Ingreso,2023-03-11
591,LU65 5652 TXUC SISW CR8B,6147.47,Ingreso,2023-09-14
592,SE39 1483 9464 5861 4004 9351,3612.47,Ingreso,2023-10-04
593,BR30 2507 3419 2967 3425 5638 277C K,-8589.16,Retiro,2023-05-03
594,AE96 1168 9878 7724 1374 301,3034.93,Ingreso,2023-02-27
595,PT38 7329 7510 7400 4622 5068 0,-6897.61,Retiro,2023-05-19
596,GB13 GQFM 3743 8483 8145 46,9103.8,Ingreso,2023-01-26
597,FR05 8781 1518 34RV YCAD 0L7J S97,8560.13,Ingreso,2023-06-30
598,IL34 8155 1472 4552 6942 531,852.63,Ingreso,2023-05-02
599,NO61 0391 7462 670,-8338.06,Retiro,2023-10-13
600,IE71 HCKC 8728 8866 8055 04,-6601.21,Retiro,2023-12-06
601,FR91 6490 8564 32KQ 6C0V 03KR I38,1773.51,Ingreso,2023-11-29
602,GL27 3176 9457 9883 36,-6522.32,Retiro,2023-11-26
603,BA10 0351 1238 5304 7522,-9280.36,Retiro,2023-06-04
604,SK51 7627 7646 5939 6674 7371,-9731.27,Retiro,2023-10-26
605,ES73 0933 7959 0987 0488 6719,4921.32,Ingreso,2023-03-09
606,FR76 6836 8992 18KL J3LE 6X0R H19,3528.83,Ingreso,2023-12-10
607,FR35 3441 3255 02SP YBRG OZZE B49,2528.22,Ingreso,2023-07-16
608,BG81 ZNGQ 2526 68AN PU31 CP,3608.26,Ingreso,2022-12-23
609,LU26 246B 2AZ1 OQCD RETO,-4368.73,Retiro,2023-08-04
610,SA89 91JE POQY NON2 61NA 6XS3,-8323.79,Retiro,2023-07-15
611,DO03 MD2F 5622 2854 5050 6920 9748,4028.5,Ingreso,2023-04-26
612,FR18 6345 9825 89LO S0IG 6NOQ B80,-7240.75,Retiro,2023-05-12
613,FR47 3231 7181 75R3 AWU2 NSUP Z91,-2827.82,Retiro,2023-01-13
614,RS27 9897 2258 1141 7453 11,4478.85,Ingreso,2023-05-11
615,ES30 8322 1869 4823 9203 0261,4482.2,Ingreso,2023-09-17
616,RS07 0761 5754 6500 5680 77,-9510.74,Retiro,2023-11-09
617,KW44 YZED 53IZ 399J J39T JA9G B9BK 4G,-6782.96,Retiro,2023-09-25
618,AZ36 AWER Q4MT EK7F S66B FDWY PHXQ,-3395.72,Retiro,2023-10-09
619,FI56 9804 4175 2530 80,-705.89,Retiro,2023-05-10
620,AD71 4774 7166 RNR5 EPJF AVBM,9590.65,Ingreso,2023-01-28
621,BA80 8593 5872 3818 2362,1634.63,Ingreso,2023-11-20
622,CH69 5545 3YFW VNUU MWZK S,1381.12,Ingreso,2023-06-06
623,LB25 3945 1NHC HLIO OERV MOT2 YCKR,1923.53,Ingreso,2023-09-27
624,IE76 KCVM 5346 5970 9939 61,1638.39,Ingreso,2023-01-27
625,MT03 HEMX 6642 3HZ0 AHUW SZ0B KAXU JIF,2981.42,Ingreso,2023-12-06
626,FR36 6750 9308 41AN NXM6 XXXE C00,-6937.18,Retiro,2023-12-11
627,RS78 0150 9110 8384 5009 49,-3927.53,Retiro,2023-01-15
628,RS22 4867 8948 4189 0928 29,4969.29,Ingreso,2023-05-19
629,EE20 7861 5362 2154 6289,-3436.68,Retiro,2023-10-21
630,NL54 PPOU 2254 8258 09,-4213.42,Retiro,2023-05-16
631,LU23 737G OJNV ZIME LIRR,8561.87,Ingreso,2023-12-03
632,AZ72 KQIU SCEX NI0O BALL U2FD K6CB,-4396.12,Retiro,2023-06-10
633,MR94 3801 3851 8649 6930 2173 552,-1804.05,Retiro,2023-08-25
634,LB89 7199 Z86D EXAC 4C00 XZG4 PNPT,7869.64,Ingreso,2023-08-18
635,FO73 3843 9873 5360 96,-801.34,Retiro,2023-08-10
636,BE79 7059 0732 3086,377.61,Ingreso,2023-01-05
637,MU55 ZILC 0033 9299 0898 9874 720Q AB,2121.39,Ingreso,2023-08-15
638,GL54 3795 4895 1990 60,4970.51,Ingreso,2023-08-02
639,GE62 HU33 5554 5518 9488 34,-6400.74,Retiro,2023-10-06
640,IT57 H668 2039 399Z RFFI 26HI ZQ9,-717.87,Retiro,2023-06-11
641,AD13 7012 7205 CVOV K56N PRJV,-985.56,Retiro,2023-12-13
642,PT40 1167 8135 0940 1893 4382 7,-3295.38,Retiro,2023-10-25
643,NO48 9673 6786 669,-7460.88,Retiro,2023-11-30
644,FR18 4718 6902 60FK O2JR ZC5U N45,-1158.9,Retiro,2023-10-16
645,GE86 EH74 6417 1886 2199 01,1965.4,Ingreso,2023-12-13
646,AL86 7935 7948 1WLL GXCX RA8X MR8Y,7905.09,Ingreso,2023-02-08
647,LU44 248C GKKD E9YU TKPR,3258.97,Ingreso,2023-11-03
648,CZ08 1252 2650 8654 8649 9305,9864.53,Ingreso,2023-04-14
649,AE44 1224 1205 8120 4675 741,-6147.62,Retiro,2023-07-07
650,MD16 AWIG WLN0 QLQF YXXN 5HFR,2441.88,Ingreso,2023-09-30
651,GR70 8445 509X UPFN 4CY5 RE2G GSW,3590.09,Ingreso,2023-06-25
652,FR64 5607 7692 62UG VPJS GPW7 671,517.78,Ingreso,2023-04-07
653,DO45 NIWS 8462 3552 9445 1598 9818,-7796.04,Retiro,2023-07-11
654,FR15 7288 6335 86BF NUPP SPC1 L29,8178.65,Ingreso,2023-07-30
655,GT96 NULN OYMG QEMC XEX3 OEVO HPMD,8066.46,Ingreso,2023-11-24
656,NO52 7306 8137 085,8589.63,Ingreso,2023-06-10
657,FR28 5840 2519 30GI XMY6 PV5X A00,1234.16,Ingreso,2023-07-15
658,RS73 3810 8674 8436 8297 70,701.0,Ingreso,2023-09-15
659,LB12 6823 YWYA NRFZ V9FG NDPU W7XD,5307.16,Ingreso,2023-09-23
660,CR37 1025 4534 3430 6596 3,1164.91,Ingreso,2023-01-13
661,SE76 3844 7071 5011 4679 0593,-9441.25,Retiro,2023-02-16
662,AL38 1476 7700 NL0W QMEI KPCQ ZYK9,5126.79,Ingreso,2023-10-09
663,GL92 2599 2784 8859 86,1572.0,Ingreso,2023-05-27
664,ES73 8986 7311 4287 9831 4410,3992.3,Ingreso,2023-12-17
665,ME95 7643 1719 8260 6325 77,5858.3,Ingreso,2023-08-31
666,FI86 2620 4812 2198 24,-598.22,Retiro,2023-09-03
667,CR49 5233 1598 8546 2884 7,-6298.56,Retiro,2023-04-08
668,AT47 3944 3705 7201 3456,-2010.68,Retiro,2023-03-16
669,MD17 WOFI ZY8X WEUM L81J MA5U,-664.64,Retiro,2023-11-22
670,CZ59 6471 6337 6571 6685 9480,-2101.83,Retiro,2023-07-25
671,LB84 0728 ZNFL L2VL P8FR 6M9S 9WHH,2671.3,Ingreso,2023-08-09
672,VG48 SJYQ 0025 1412 8779 3952,-9544.17,Retiro,2023-02-28
673,FR25 6045 7999 86GV DTEV TDSS K35,1709.5,Ingreso,2023-05-18
674,FR76 3844 7611 100C XAKI WG26 730,8106.89,Ingreso,2023-08-19
675,LI12 5746 4M1Y ZXY3 OLUD 6,-1324.5,Retiro,2023-01-13
676,GT60 VYG4 RX69 ER4F EK0C JC93 9W6V,7000.22,Ingreso,2023-01-17
677,VG85 HFDI 6947 6809 1220 8210,2378.44,Ingreso,2023-02-22
678,FR17 9875 8355 187J HEKL 47JQ Y55,4692.1,Ingreso,2023-11-24
679,VG35 HVOD 5020 6679 2400 5660,5769.34,Ingreso,2023-05-10
680,GT67 JQJQ QSGB O6LR FGDQ HOJM 46OE,3343.75,Ingreso,2023-07-13
681,FR54 7622 9394 81VV MTDT TNV5 586,3461.46,Ingreso,2023-11-17
682,FR67 3787 0973 43KR 3HFC 55NL L52,7810.36,Ingreso,2023-05-12
683,AD30 2088 8914 P0JD IVPG PAMK,-7415.53,Retiro,2023-10-13
684,BA48 5294 8768 9652 3026,-2935.68,Retiro,2023-08-03
685,LI48 4773 0BNW RT1A ELP0 Z,7141.91,Ingreso,2023-04-15
686,FR76 6121 0291 890G V4F4 CJME C77,1632.16,Ingreso,2023-03-21
687,LT67 6623 2478 1501 8642,-3196.48,Retiro,2023-09-10
688,CH40 6002 5ANN USKL VZYX 3,7185.38,Ingreso,2023-07-25
689,MR89 1729 5051 3926 0426 1886 600,6735.47,Ingreso,2023-03-02
690,KZ42 626C T6SH HI4V JVOS,-4035.73,Retiro,2023-10-16
691,PT82 1786 6339 3639 7118 6598 8,1818.5,Ingreso,2023-10-13
692,MT74 VIEV 0539 6CFT FJVF U39Q DR4A CWU,8236.46,Ingreso,2023-03-20
693,TR73 0734 2T2F B7IA K9PX DTSH TN,-5656.6,Retiro,2023-05-10
694,RS43 2907 0660 2204 5523 45,2393.74,Ingreso,2023-09-30
695,SE79 7605 7554 0199 3246 1152,-3117.25,Retiro,2023-03-28
696,CY56 2440 9913 HRDC PMMP 3QMI 6KPG,-4599.07,Retiro,2023-02-10
697,BA66 9050 9803 5960 4855,-414.69,Retiro,2023-06-17
698,DK82 1991 4863 3253 13,6985.33,Ingreso,2022-12-24
699,MT84 VCBI 2521 7KCH MNWQ NYY6 XHTV ES1,3487.96,Ingreso,2023-02-28
700,LU15 120K VWZ8 37JT AQUO,4206.05,Ingreso,2023-04-27
701,FR81 8613 3329 63DP 7BZZ OAJR I10,-6232.69,Retiro,2023-05-06
702,GR41 3578 684L CETY MXKH 0YKK UW7,-2911.9,Retiro,2023-11-06
703,MR97 0700 5739 8356 4967 0031 905,-7384.6,Retiro,2023-10-31
704,SE94 0187 4754 4358 7971 0816,-9173.96,Retiro,2023-10-10
705,FR21 9151 0220 96PK L8L0 AG0V Y13,4980.29,Ingreso,2023-10-26
706,IS33 8641 0608 9655 7201 3451 45,-9624.49,Retiro,2023-09-15
707,DK23 5324 2257 9836 18,-8225.18,Retiro,2023-07-17
708,EE20 5382 3012 3182 4914,1241.45,Ingreso,2023-08-22
709,HU30 8842 1872 7008 5646 4238 0234,-2403.09,Retiro,2023-05-05
710,AE27 8940 7837 4199 8893 091,-9386.65,Retiro,2023-07-10
711,FR03 0744 7467 24VG USFJ MXRI V40,3694.62,Ingreso,2023-01-31
712,SE24 4814 0003 2418 3709 2459,-1355.6,Retiro,2023-01-30
713,FR55 2668 5859 44WM VA7N CJWI A19,-4955.8,Retiro,2023-08-21
714,GI64 SGIH NVS6 QAG5 J68P PIP,-2564.08,Retiro,2023-05-16
715,AD95 1938 9325 0VAR J3KC AHRM,-6234.27,Retiro,2023-08-11
716,PT81 4202 6188 7270 8280 1508 2,-2008.43,Retiro,2023-04-26
717,FR97 5315 6955 41JP C4JP DDX2 E16,6490.52,Ingreso,2023-06-07
718,LI66 2647 2NKZ ABUI 9JY4 1,-1402.66,Retiro,2023-10-31
719,MR47 5053 8794 3629 0787 3490 714,-2991.21,Retiro,2023-10-02
720,CZ51 2005 4679 6005 2210 1965,7705.53,Ingreso,2023-08-31
721,LV33 LJXI O7VI CPMG MQ0H 8,9267.54,Ingreso,2023-09-05
722,CZ48 9762 6189 5196 7879 2226,-5273.54,Retiro,2023-03-28
723,MR97 6219 4763 0321 8029 7732 213,-932.14,Retiro,2023-04-27
724,AD65 7505 8768 8SV8 JEMM KIVN,-2135.89,Retiro,2023-12-11
725,FR97 2609 7963 326P D76I 1WJZ H05,6764.92,Ingreso,2022-12-23
726,GL14 8813 0660 4641 97,-1034.47,Retiro,2023-11-29
727,BG52 PNRS 4532 94MJ D9TO ZY,-6448.75,Retiro,2023-04-10
728,EE77 8276 9168 8034 8591,-9847.71,Retiro,2023-07-11
729,AD36 2729 1760 2EFK 9UQ7 2PZE,-8318.63,Retiro,2023-04-25
730,IE49 OOEQ 5930 5665 9046 78,7447.05,Ingreso,2023-08-26
731,FR21 9907 2566 88LX T9DG GOP0 666,-5923.37,Retiro,2023-02-28
732,SK91 7413 1982 4406 1730 4345,4599.44,Ingreso,2023-05-15
733,FR82 4475 5229 172S BWUK CISH 550,-1668.69,Retiro,2023-08-07
734,LU82 037O OOBU SUPD KBD8,-3438.83,Retiro,2023-08-06
735,GI40 WGSM KT4K 7WUD IEHW CIS,-268.45,Retiro,2023-02-02
736,FR78 6645 4995 93MS MGWM RWAN Q37,9774.19,Ingreso,2022-12-29
737,AL14 0967 9100 IXUC QVS0 DJSM AHT6,2302.62,Ingreso,2023-09-15
738,PK79 OJOO MYYM JO5E WMBQ 8K3P,-1754.78,Retiro,2023-10-07
739,KZ89 672L ZCSN D7YD KM8J,98.63,Ingreso,2023-08-09
740,AD97 9902 2323 BDEW 8D5I 6HEW,8891.05,Ingreso,2023-07-21
741,CH73 6538 3UTM XGWB BCLS T,-1762.46,Retiro,2023-01-09
742,FR54 4741 1084 88JJ SKYK NNLY O00,147.77,Ingreso,2023-06-15
743,LI63 0923 9EAM GSU1 LPP7 G,-2823.64,Retiro,2023-08-31
744,DO10 4AS8 7474 9850 5386 5923 5544,-7389.49,Retiro,2023-10-20
745,FR45 2687 6622 3583 TVPZ 78MR H48,8044.63,Ingreso,2023-04-26
746,FR36 6348 1842 00AX QVIH HSFD 367,-2291.1,Retiro,2023-08-10
747,GE25 UH98 0684 2221 4765 95,-4261.65,Retiro,2023-09-28
748,IE54 ORCG 6214 3089 8044 41,5230.4,Ingreso,2023-06-25
749,HU30 7831 2088 0801 4739 5748 8049,-521.31,Retiro,2023-09-07
750,BA32 6470 2972 6034 0061,-8428.36,Retiro,2023-01-10
751,RS13 0671 1611 0999 0893 94,-4865.08,Retiro,2023-06-28
752,FO31 6304 1372 6385 15,-9954.66,Retiro,2023-03-15
753,AT48 4653 2025 6348 6985,5419.07,Ingreso,2022-12-21
754,PT54 4690 1350 3442 5299 5171 2,6527.47,Ingreso,2023-09-28
755,FR98 5609 7258 054I T635 0STT 803,5021.3,Ingreso,2023-04-17
756,DE80 2935 0593 1272 8140 78,7991.7,Ingreso,2023-01-16
757,ME23 0091 9823 7733 8098 57,-509.52,Retiro,2023-04-25
758,FR07 1329 1643 37M5 AY7X 6AQQ I69,-8882.3,Retiro,2022-12-29
759,IT09 S660 8338 259R C54P OPPK JXU,-5596.52,Retiro,2023-10-25
760,TN36 3754 2655 2713 9560 0751,4567.31,Ingreso,2023-11-28
761,SE48 5463 0885 4140 5223 0970,-4162.13,Retiro,2023-02-12
762,CZ33 9101 2637 9940 8631 1445,9848.78,Ingreso,2023-01-10
763,PK81 KYWS WCGR OEN3 ARQE 92LJ,-7974.25,Retiro,2023-08-26
764,MK20 734B SRZX H92M 255,8441.45,Ingreso,2023-01-28
765,LU26 470R QEQ4 QLNI QLUV,5688.97,Ingreso,2023-03-11
766,FR84 7921 7435 88T3 FZBI GFCG N89,8594.34,Ingreso,2023-06-20
767,SI80 0967 3404 2475 504,-7056.78,Retiro,2023-07-06
768,FR82 1547 0204 44OT QM6K DFXH 500,-5532.28,Retiro,2023-09-27
769,LU46 615A VH7F 44CS 18Y3,-7866.39,Retiro,2023-11-28
770,FR42 4867 2225 80QG CIGL BKX6 655,3499.91,Ingreso,2023-02-06
771,HU70 4391 2260 0327 1558 7961 9485,-8377.85,Retiro,2023-10-29
772,SI83 5371 9246 4722 916,5284.33,Ingreso,2022-12-22
773,HR76 3068 9927 2464 8492 1,9272.22,Ingreso,2023-06-21
774,LU31 844L AEF9 P9XQ DYPA,6262.49,Ingreso,2023-07-10
775,BG23 QVTN 1684 72TE ZJLX MC,-5440.27,Retiro,2023-02-23
776,AT78 1756 1328 4153 6832,-4164.46,Retiro,2023-07-26
777,KW46 RJTO DDMB N0XS GGUB N8XB QJPO GY,7159.4,Ingreso,2023-04-15
778,GE10 IB76 3619 8249 8545 19,3544.25,Ingreso,2023-06-03
779,FR72 8759 4057 41HY HR6A FHY5 G37,257.25,Ingreso,2023-02-14
780,SI04 1984 9924 9545 856,2989.14,Ingreso,2023-12-06
781,CH05 1024 9E78 9BDX I4YI 6,4492.5,Ingreso,2023-11-20
782,FI31 0216 0939 6885 91,-8284.53,Retiro,2023-11-01
783,SA93 70NT CR14 9WV6 6CNB V9DG,8365.25,Ingreso,2023-10-03
784,FR54 8416 0885 26Q3 9HZI TPRA R71,-1202.84,Retiro,2023-03-12
785,FR79 6183 7436 89SH GES6 6NIQ F56,855.2,Ingreso,2023-05-05
786,MT47 WNZC 3439 5CL2 KTOH UJIM 1PFI HYG,9998.41,Ingreso,2023-07-01
787,GI98 WSTV PVLD GEPN LYJL ORO,7020.12,Ingreso,2023-08-30
788,KZ37 791Q PMVS LPJ8 QOPJ,-6259.23,Retiro,2023-06-11
789,CH23 1184 5CQG 0BID KCAR Q,8232.37,Ingreso,2023-05-29
790,MC89 5223 2804 62B6 V8RX AAYV I93,-2099.17,Retiro,2023-10-09
791,GT18 IC84 XXTH BWRN 4IMK HGRP 3HLW,-1816.24,Retiro,2023-11-06
792,AL97 1412 0816 BO6Q PQNB 8DY9 TJUF,-4506.72,Retiro,2023-10-21
793,BR09 2139 6133 7970 7544 4353 445T T,9323.21,Ingreso,2023-06-15
794,FR05 0412 8169 76KY PDXR AACE R83,513.08,Ingreso,2023-02-19
795,HU82 1150 8272 8272 5330 5859 9486,-7589.05,Retiro,2023-01-28
796,DE95 2832 3394 1130 0544 79,-5859.68,Retiro,2023-02-14
797,FR44 9825 8280 632F SHXE RI6H C24,-5409.22,Retiro,2023-08-29
798,LB84 1086 VHOJ OUI8 YEKK BVYO CL1Q,6732.35,Ingreso,2023-01-29
799,TR75 5851 4JHA XR1Z 8BC5 Z4IQ MR,875.26,Ingreso,2023-10-08
800,NL72 FBIA 8832 2197 44,-8569.13,Retiro,2023-04-17
801,PS86 TBNE QXXW PVFC JG5U PLEW QLS8 E,-9780.77,Retiro,2023-01-17
802,FR98 2663 8296 555O KSFW LVWJ C15,-5359.19,Retiro,2023-01-14
803,FI90 7977 2446 1419 06,-9212.8,Retiro,2023-04-04
804,FO06 2399 3845 0431 20,9757.94,Ingreso,2023-05-08
805,VG39 UWPC 4520 4334 3358 4197,-8711.31,Retiro,2023-12-11
806,FR65 4052 8765 853X P45A WQ14 X79,-3002.13,Retiro,2023-01-18
807,FR24 6192 4975 87FC OAPW JZYE C03,3679.22,Ingreso,2023-06-18
808,DE03 1522 6769 2496 2548 54,-4816.9,Retiro,2023-01-19
809,DK50 0489 8466 6978 69,-5993.59,Retiro,2022-12-25
810,BH73 HIJU VSNF 5MFH XQ8T 5H,-7747.33,Retiro,2023-02-28
811,FR46 9251 2280 411V XBS5 8VPR B92,9458.28,Ingreso,2023-02-04
812,FR60 2244 2130 37R3 S2QY MCYU R02,7604.58,Ingreso,2023-08-17
813,MR82 1258 4501 6733 8137 4512 264,4308.56,Ingreso,2023-06-12
814,BA50 9173 3444 2581 1962,-5718.73,Retiro,2023-03-19
815,IT60 U808 6069 588M 5SEQ RMP1 JFP,2462.84,Ingreso,2023-07-22
816,GI20 WUCF ZJ58 7REE MTCF G4P,3793.98,Ingreso,2022-12-19
817,PK21 HWFW 5JW9 CGNV DOWS USYM,-6970.33,Retiro,2023-10-24
818,CR22 8379 9218 7643 0046 7,906.22,Ingreso,2023-04-13
819,LI20 8200 8GMK CJOA 5JBI G,7943.76,Ingreso,2023-04-06
820,LU89 777W RNDG WXHI KX6S,-9654.08,Retiro,2023-01-02
821,TR35 6964 1580 QWW9 M9JA 9LLM B8,2832.52,Ingreso,2023-11-08
822,SM21 H467 4295 129R HTFI HLTT YYP,7031.27,Ingreso,2023-04-02
823,MK10 077G ZN2V LEWU H19,-169.5,Retiro,2023-07-17
824,FR80 9193 6223 49GU P4WH 7JOI Q33,6904.55,Ingreso,2023-06-02
825,GT23 ZK0Q C73Y X1VQ APHL QJR8 0DGK,-5117.28,Retiro,2023-11-06
826,MU28 DADJ 4141 0453 1076 9980 136H GE,2401.12,Ingreso,2023-09-14
827,MK43 4085 ULAR RU17 H77,-5210.3,Retiro,2023-11-26
828,FR44 6580 6143 97RB 1PE1 PET1 G74,8863.86,Ingreso,2023-10-23
829,MU14 TPKR 0662 9603 5289 1900 908N OA,6135.24,Ingreso,2023-05-08
830,DO95 QKFQ 9221 7523 5214 6812 4909,-2659.96,Retiro,2023-03-24
831,AE83 6244 8117 8427 3870 551,2603.22,Ingreso,2023-03-20
832,MR77 5798 4684 2504 9143 8606 939,-7881.58,Retiro,2022-12-23
833,SM32 U340 8348 5138 YQQN TPSJ B67,2580.78,Ingreso,2023-04-26
834,EE45 8424 9053 8589 6184,3299.39,Ingreso,2023-03-22
835,MD18 P8YR Q0ZJ STO9 DJQL ASFJ,2509.81,Ingreso,2023-04-09
836,VG14 JEHU 2590 2765 7748 8521,-1026.84,Retiro,2023-04-14
837,BE36 6255 6934 8607,9447.8,Ingreso,2023-12-14
838,GB86 AMQE 7589 4075 7917 63,-7100.37,Retiro,2023-03-04
839,CY44 7543 3624 E2Y0 KLTL ZLVM ZGIV,-2055.81,Retiro,2022-12-25
840,FR34 7715 7527 391T BBI6 TMDP I61,-5543.04,Retiro,2023-10-19
841,FR37 3698 1867 697Q FP42 KTWP Z10,-3173.24,Retiro,2023-12-03
842,KZ66 766O N889 ZIVK HRNN,2756.96,Ingreso,2023-11-19
843,SM07 B524 9533 099B T86A B3CK CFI,-8401.53,Retiro,2023-11-10
844,KZ44 450A TQJF TGRT ERXF,-1140.11,Retiro,2023-05-18
845,NO24 5525 0251 336,-8526.57,Retiro,2023-03-24
846,LU30 578Q N9UR LHFG D4FP,-7374.66,Retiro,2023-11-10
847,FR61 2987 6225 820X ZJ3A OGLX X16,8849.07,Ingreso,2023-07-17
848,HU45 0790 0450 6944 6097 9322 2615,-9315.09,Retiro,2023-11-16
849,RO48 WZSC HC3K YVJC BBAX GGNO,-1907.32,Retiro,2023-11-16
850,FR50 7995 9473 58EB ZFKZ OMN0 737,1350.39,Ingreso,2023-11-28
851,GL20 3327 2600 7568 62,-6123.02,Retiro,2023-01-02
852,SK37 7237 6479 7721 3568 2186,929.06,Ingreso,2023-06-13
853,DO34 2GFK 9905 8422 7631 4835 2592,-4154.12,Retiro,2023-05-06
854,EE94 1761 4522 8073 7633,8131.55,Ingreso,2023-03-02
855,DO39 FMYL 1850 4207 2023 4690 5239,6606.15,Ingreso,2023-10-06
856,CY11 8198 6740 FQG8 N6L5 EF0N HSCV,-8359.28,Retiro,2023-08-20
857,SM28 N191 1178 260O JEDK SZ3J OWB,-6957.31,Retiro,2023-05-17
858,AT30 4655 5087 3133 8797,5905.53,Ingreso,2023-04-22
859,FR47 0761 4677 141N MXIT G4K8 S29,-5267.61,Retiro,2023-11-13
860,PK47 YVUT GBI0 G5DS HIV6 RWEW,7206.08,Ingreso,2023-01-04
861,FR61 2175 7052 38UY 39CB T0ZA T67,2137.88,Ingreso,2023-12-06
862,KZ29 349Q WZJJ UGZU CI6B,-1235.68,Retiro,2023-03-10
863,KZ50 395U OT32 IOAZ SPVJ,9564.96,Ingreso,2023-12-11
864,GB11 JTDJ 8886 1289 8174 29,5898.64,Ingreso,2023-07-22
865,PT77 5056 4639 1972 7933 4347 5,5147.46,Ingreso,2023-06-06
866,FR32 7275 5228 76YV W8F0 R1SU 141,-9347.92,Retiro,2023-10-12
867,AL78 8202 0177 5IVH BPLG Q6A6 HSKQ,8500.31,Ingreso,2023-03-02
868,FR11 4992 6486 09DR IEDX OZ8U P48,-2819.81,Retiro,2023-12-16
869,FO80 3346 2180 7528 05,5526.2,Ingreso,2023-03-01
870,MT07 EREN 0538 5SAB OQ0S HVXN 41XL TBM,1296.59,Ingreso,2023-09-11
871,FR41 2261 3917 66CO N0NC K93Y 477,-9181.0,Retiro,2023-02-06
872,FR15 2846 1940 84KI E37S OBUM 951,4615.35,Ingreso,2023-06-23
873,AE82 4381 0803 1758 0999 707,-6452.9,Retiro,2023-10-20
874,GR81 2163 274N QPYM COYP 7ZII 7QL,7803.3,Ingreso,2023-02-01
875,BR66 5102 5541 1857 6640 5935 259O U,8531.73,Ingreso,2023-10-21
876,FR14 8424 1606 57GQ CAPG KIXM 228,-9034.98,Retiro,2023-11-15
877,SK84 9710 6805 5232 2455 6674,8839.41,Ingreso,2023-09-25
878,EE86 1207 6850 8483 4239,3293.41,Ingreso,2023-03-29
879,FI72 7186 9511 7492 59,2379.34,Ingreso,2023-01-24
880,FR02 8666 0463 45TP CLB6 XG5N 801,7091.92,Ingreso,2023-10-23
881,DE51 6635 5516 8098 1794 88,1414.3,Ingreso,2023-03-08
882,DE86 6704 9397 1213 7303 26,-5250.95,Retiro,2023-12-14
883,SA08 51CL KXLB R3ZH II0L YENO,3555.55,Ingreso,2023-05-01
884,EE50 3782 9822 0640 8341,-1647.31,Retiro,2023-07-18
885,TR85 2969 1MCM 8PGC M1DM JERF KF,-3356.23,Retiro,2023-03-07
886,KW36 TUCB ISFG BD5L W0FP 3CKR ZJOY OC,5960.88,Ingreso,2023-04-28
887,FR81 5879 0571 5990 KVD4 QHC2 T77,-214.85,Retiro,2023-03-15
888,SK42 8226 9235 0533 5248 1777,5648.12,Ingreso,2023-02-08
889,BA52 3857 8333 0147 2748,-2403.76,Retiro,2023-01-23
890,VG36 GRYE 0270 1587 5738 9161,-5068.89,Retiro,2023-04-19
891,DK74 4866 3476 9554 48,-2826.03,Retiro,2023-06-09
892,AT72 0345 4802 9631 2583,2147.15,Ingreso,2023-08-10
893,FR10 3954 5847 47PK FVBD 0NN8 D85,-9631.1,Retiro,2023-12-05
894,FR37 7535 5088 545O P0HJ CN2Q P17,-1416.59,Retiro,2023-06-14
895,HU13 6598 2582 4130 9161 6422 9331,7293.45,Ingreso,2023-03-01
896,SM23 K713 9584 596N Z27U Q6N6 0AZ,-7518.94,Retiro,2023-07-17
897,IE45 DJPD 5175 3823 4602 04,-3677.02,Retiro,2023-08-09
898,SM60 B411 3746 2518 ZKXM 1VQ0 S3Y,-2204.2,Retiro,2023-07-14
899,MT94 SOIO 1481 9PGV APYM UBM8 T8XC 3ES,7912.18,Ingreso,2023-10-19
900,FR37 0642 3542 61RA 5WUM XVEE Y62,764.56,Ingreso,2023-01-18
901,ME96 1708 8871 7060 2268 07,-6460.67,Retiro,2023-05-26
902,IL16 5190 4654 1590 6350 014,3735.65,Ingreso,2022-12-24
903,PT34 7935 4687 2333 0353 0507 8,-4395.04,Retiro,2023-09-26
904,FR45 4653 9496 06W3 ALQY CGWK X73,-792.46,Retiro,2023-06-25
905,TN63 4291 6777 8349 4428 2577,-9974.3,Retiro,2023-02-26
906,DE60 1190 7450 7712 0050 73,-240.48,Retiro,2023-12-05
907,GI24 RSOQ DSV9 L2DU 0SYY NNV,-7596.47,Retiro,2023-05-30
908,HR97 8824 8554 8387 9575 5,1963.86,Ingreso,2023-10-20
909,TN35 2492 3472 1415 2158 0108,1636.14,Ingreso,2023-04-11
910,GE94 VP56 8356 0462 3221 89,-5496.31,Retiro,2023-05-23
911,RO66 MTFT SYCW ONPR ZHTD MYWK,-5153.42,Retiro,2023-04-21
912,KW91 FVSQ RXQ0 TSQL B9TN HR4T A5FB IC,-3408.47,Retiro,2023-08-25
913,TN04 9741 7163 4733 4711 5561,-4500.8,Retiro,2023-02-07
914,LI63 7010 0RSJ QXFX 5CXA Z,7624.53,Ingreso,2023-05-22
915,FR92 6866 1988 53CB JFKX IGDB 669,5833.18,Ingreso,2023-01-24
916,HR58 9476 8790 2515 0786 7,-8747.39,Retiro,2023-03-02
917,SI15 5696 5724 4989 605,-7946.72,Retiro,2023-07-19
918,CH92 9601 3PJQ ECSF KCHZ 4,6341.8,Ingreso,2023-08-22
919,GR35 4838 376K OAYB PMJL WS4L LLN,2424.82,Ingreso,2023-02-07
920,SE22 4105 1328 5359 7803 5157,-1512.52,Retiro,2023-10-19
921,FR21 0747 5377 493U C54C GTLQ Q36,5887.0,Ingreso,2023-04-15
922,HR60 9148 9463 1112 2893 6,1798.33,Ingreso,2023-06-18
923,EE10 0145 5629 5660 4341,3682.16,Ingreso,2023-09-26
924,AT47 9085 3419 3151 0798,-4817.28,Retiro,2023-12-06
925,IE15 KWLH 6607 0448 6308 07,-9037.91,Retiro,2023-11-01
926,MC71 8603 6132 45IR CMXM ACQ4 489,-8789.93,Retiro,2023-10-03
927,LV26 KGES SZE8 DYVJ UMLR Y,-1110.88,Retiro,2023-10-24
928,MD95 M8PP M6M0 HFHR MMZ8 IKCS,9296.74,Ingreso,2023-07-15
929,PL60 0287 1912 0144 6134 5000 2150,624.42,Ingreso,2023-03-05
930,ME67 8934 7398 1554 8221 78,908.93,Ingreso,2023-09-18
931,KW88 EFOI DA1M KCKZ GHU7 XRPV WMPK X0,8377.9,Ingreso,2023-03-17
932,FR37 1265 7102 99BT BVGO Z34P T50,6620.04,Ingreso,2023-04-16
933,FR40 1472 7423 139V AMUH DUZ5 Z69,5962.13,Ingreso,2023-12-14
934,DO55 5DCR 8507 0306 4830 6776 1906,-8328.52,Retiro,2023-01-05
935,BH04 WCWE LU85 OT4U OQLC Z9,-7967.88,Retiro,2023-02-26
936,EE75 7999 7743 8377 5902,6447.93,Ingreso,2023-02-02
937,BA72 1424 7891 4869 8605,-5928.7,Retiro,2023-10-08
938,CY90 4827 3211 9J5J ACL7 BWVX EMZE,-380.8,Retiro,2023-09-12
939,SI32 9897 0261 6865 157,3166.41,Ingreso,2023-02-09
940,MC44 5227 7129 8376 RP1B MTGN M09,3633.74,Ingreso,2023-07-02
941,MR95 6194 0269 4337 5441 4844 164,-1713.24,Retiro,2023-12-12
942,PT86 0686 8530 4450 1871 6380 1,7358.79,Ingreso,2023-05-11
943,IL88 8890 9679 5454 0403 202,194.12,Ingreso,2023-01-31
944,FR88 6684 5739 32OQ 69JJ CF2P B95,4316.31,Ingreso,2023-12-03
945,BG83 LYUN 4337 14CA EBZ4 NB,7081.54,Ingreso,2023-04-09
946,GR16 1938 752X VI2H CZIR EBR2 LJY,-1187.05,Retiro,2022-12-20
947,FR87 0780 8476 47HF KKEC AXTR O70,3770.1,Ingreso,2023-09-25
948,FR53 0810 5061 98F1 BYV8 2L7C S03,2984.58,Ingreso,2023-02-21
949,AL08 2686 2446 OIGQ TIWG 8DQY GKCR,-6643.61,Retiro,2023-02-16
950,IT23 S357 4573 012G LIVC J5RI LPM,-7116.37,Retiro,2023-01-03
951,CH47 3757 091U OYMQ ZGKN V,6183.66,Ingreso,2023-06-15
952,MT20 YOAP 8085 1DH2 TBYF 6SVW TH4C JL4,9812.03,Ingreso,2023-02-28
953,GI39 YLYH 1LGY UKC1 VKBO EFG,9758.59,Ingreso,2023-03-05
954,EE63 4788 4568 2679 0407,5081.42,Ingreso,2023-10-23
955,SA25 35MC KMKW AEGJ 6FWM LKUP,-249.88,Retiro,2023-05-11
956,GT15 UQAU 3UO1 FXER 9ZDL SIYB HYMY,-8816.1,Retiro,2023-01-12
957,ES92 5939 1148 5441 2489 1346,8063.44,Ingreso,2023-04-04
958,BR07 5925 7282 6986 0780 8327 572R Y,2176.43,Ingreso,2023-10-02
959,FR03 4513 2600 47ZK JVRB H1CA G31,-5550.1,Retiro,2023-01-19
960,FR56 3120 1730 317G 8URG XIDZ 190,-2403.63,Retiro,2023-11-24
961,FR30 7848 5481 32HQ Y8OW OALO Y34,-546.82,Retiro,2023-01-30
962,BA21 6981 2442 8499 3020,3604.07,Ingreso,2023-09-06
963,AZ03 TKSS YJDE FSSZ SGBH ELYJ 3NPZ,-4006.89,Retiro,2023-12-15
964,TR27 1647 0LR3 F3GA 4PHK IMOG LZ,2275.06,Ingreso,2023-06-09
965,MR07 6231 1442 8023 4104 5263 322,-7396.83,Retiro,2023-10-03
966,BG66 ABFB 0175 50FO BIDE 8T,244.9,Ingreso,2023-09-16
967,FR21 0413 9440 07FG V4WT XPCH P70,1231.8,Ingreso,2023-03-03
968,GT81 NVPT VPJG VEYW CGD3 MRBK OXUB,7947.43,Ingreso,2023-07-17
969,DK93 2705 1111 0310 78,-4922.48,Retiro,2023-02-26
970,PT18 4013 2023 7411 0066 0486 0,1425.17,Ingreso,2023-02-20
971,DO89 Q14L 2498 3836 8960 4079 9659,-1192.27,Retiro,2023-03-11
972,HU14 7615 0022 7032 6178 0602 3396,5638.19,Ingreso,2023-10-14
973,LU14 006U M1HP 9DKN GUXQ,-186.4,Retiro,2023-04-30
974,FR73 1903 5399 49OV BTLA P8S2 A04,5001.32,Ingreso,2023-01-30
975,CH40 4851 7R0H TGXE X8ST 1,-5275.09,Retiro,2023-10-24
976,BR77 7190 1919 2452 3483 7390 867E K,-2354.77,Retiro,2023-10-05
977,GE13 EL12 9351 8699 0081 83,-5293.7,Retiro,2023-05-02
978,FR09 7425 4991 43ZI 0MUO P7ZE E48,-3823.01,Retiro,2023-09-07
979,IL78 5472 0738 3286 8766 158,-6363.9,Retiro,2023-02-26
980,FI24 0982 8020 3121 68,3941.87,Ingreso,2023-01-15
981,PL66 6949 2574 5942 1070 1344 1795,-4864.21,Retiro,2023-01-16
982,MU90 HCYM 5668 8535 5003 6042 591X AL,-4572.17,Retiro,2023-03-28
983,FR87 8577 7368 61CS J09Q NNKS Y77,-5164.36,Retiro,2023-01-15
984,FR87 1439 0453 768U IY73 6JOM 908,-2305.36,Retiro,2023-02-23
985,SA76 21JG XGLO OBXT NDCZ VCLN,-3233.87,Retiro,2023-11-08
986,CR57 3535 0315 6489 8436 6,6160.84,Ingreso,2023-09-22
987,GL96 9753 4206 9382 27,-6857.74,Retiro,2023-06-28
988,BR89 0941 9502 6359 1514 9223 003I 9,-3111.18,Retiro,2023-07-19
989,GI21 WBOU 0GCU 3MQM R26E JLZ,-4659.01,Retiro,2023-08-13
990,FR27 1882 5536 88XN ENNA HTNQ D52,-5452.97,Retiro,2023-03-07
991,LI25 0430 93SZ TCJT 2NIB F,-9285.75,Retiro,2023-11-14
992,LT95 3386 5124 4642 5284,7232.24,Ingreso,2023-11-09
993,RO84 NRHD UXPO Y2EY VKXZ LJUT,-2094.21,Retiro,2023-04-29
994,MK61 2634 JUO3 YP9D B59,7254.53,Ingreso,2023-12-02
995,FR53 2771 6258 50AP V61C GR4W D11,802.97,Ingreso,2023-10-17
996,FI09 4868 4766 5883 76,-197.27,Retiro,2023-08-21
997,MR16 9307 7911 7234 9661 5861 510,-7127.91,Retiro,2023-09-30
998,BR54 7733 1331 9412 1383 4966 084S 7,-5328.07,Retiro,2023-11-27
999,ME37 7883 0834 9180 7382 69,-7187.6,Retiro,2023-01-08
1000,LT92 6694 5457 9361 9987,-1523.3,Retiro,2023-11-14
