5974579,KW54 JCZJ RYIV UEJH SAAM VTVA KASM YE,-3105.07,Retiro,2023-12-19
4686722,HR97 9952 3832 3278 8819 0,-3413.62,Retiro,2023-12-19
8701829,GB27 LZTK 6965 3979 0808 00,4734.27,Ingreso,2023-12-19
5439379,FR67 2520 4000 39IX W54U PY2S 979,4624.56,Ingreso,2023-12-19
9285813,AE04 5804 3235 4458 1047 479,-1620.97,Retiro,2023-12-19
3350088,IS36 7665 4755 0273 5965 1458 55,-4690.52,Retiro,2023-12-19
6730203,AL56 4301 9943 QFP3 UNR1 5BNZ EHGI,541.12,Ingreso,2023-12-19
6228328,GR64 6749 381A O5TP PU4F DHQD QMC,-8919.15,Retiro,2023-12-19
1909617,LT86 7223 1941 4068 1701,2598.69,Ingreso,2023-12-19
5777406,GI04 DSRH JSOE ZA0Q JC6A ADW,3241.54,Ingreso,2023-12-19
3565772,FR89 3126 7953 11HM X97B KV1Q Y54,2514.06,Ingreso,2023-12-19
7209814,BE15 7915 7858 6083,8670.79,Ingreso,2023-12-19
2867731,NO09 6889 4387 424,4006.0,Ingreso,2023-12-19
8977884,ES58 4943 6757 6509 2574 8909,-4114.01,Retiro,2023-12-19
2696684,MT14 JNJU 0463 3V5O EP2E 3W1W IPAW UB9,8661.19,Ingreso,2023-12-19
5447372,PT19 8858 3491 5738 1418 5779 7,9641.09,Ingreso,2023-12-19
1822581,FR27 4868 7715 770O BETR 8PAQ T86,6505.82,Ingreso,2023-12-19
6807690,FR18 9360 1470 31XS AWA3 VKXP V72,198.46,Ingreso,2023-12-19
8584758,IS12 0586 0592 4067 5336 8743 03,-6523.15,Retiro,2023-12-19
1364347,AT53 1586 5937 3989 6321,-7648.81,Retiro,2023-12-19
8642935,LV85 DVMK 1QQ9 COKZ AUSP 3,3406.68,Ingreso,2023-12-19
6350322,FR80 6063 4454 23KB VVVX 5BHE 050,7162.32,Ingreso,2023-12-19
839846,IL63 4853 3547 9609 3681 811,7100.64,Ingreso,2023-12-19
4020449,FR18 9481 1179 79O2 MSA7 ONSF S21,-3897.21,Retiro,2023-12-19
8728469,MR22 1772 7264 4536 6482 4398 405,5370.16,Ingreso,2023-12-19
7244271,FR78 5688 4940 28LA SKNJ BHLN J77,-9268.85,Retiro,2023-12-19
7171316,BR45 6016 4228 6912 5476 4206 381G F,7216.26,Ingreso,2023-12-19
2641627,LU62 261S XNDF BI3T JN42,-852.51,Retiro,2023-12-19
1330427,CY25 0498 6046 HX7R RWXW LIIG SAAW,1623.86,Ingreso,2023-12-19
7623764,AE83 1056 4463 9745 9429 766,9380.2,Ingreso,2023-12-19
1573365,CZ68 9618 8377 2808 5147 7666,-4746.09,Retiro,2023-12-19
2745064,FR62 4561 7044 31HK A6YM QY2K U48,-6778.38,Retiro,2023-12-19
3182350,IE61 MMNC 0391 2587 9651 89,8920.11,Ingreso,2023-12-19
3902868,FR39 9773 4928 12WX AO9A ZSVH 531,5243.75,Ingreso,2023-12-19
4567594,TR33 4359 4KKL EOA8 5IKF I2RG ZO,-2901.49,Retiro,2023-12-19
3113257,GL76 9223 9137 5480 83,-2845.04,Retiro,2023-12-19
442242,CH34 8494 9KT6 CYTL OIQW S,6316.89,Ingreso,2023-12-19
6441337,PK98 NTTR UA5L VRT9 EPBL MN3G,2747.13,Ingreso,2023-12-19
868313,BH77 XRMP RKRJ PZLU XPNS 5E,-9471.03,Retiro,2023-12-19
7282587,GT02 WDE4 OITK TANG PCED P86R 77TT,1371.11,Ingreso,2023-12-19
7770506,FR83 4759 9612 02S6 TPDC ZG4G Q54,-1011.35,Retiro,2023-12-19
2804269,RO62 KYQI VKM1 8EOJ T6WB WRGT,4414.81,Ingreso,2023-12-19
8196507,FR62 9226 5487 96UN BKFJ BBJE T02,9422.61,Ingreso,2023-12-19
8879460,GE48 XT99 8792 3069 4307 07,6148.56,Ingreso,2023-12-19
2682083,RO82 IZDF BAV6 JJC5 OMDC 9EIS,-7022.82,Retiro,2023-12-19
7478145,MK40 343Q XWFV 0V0Y Z39,7775.91,Ingreso,2023-12-19
5743012,LV44 ZUDK GGQH G5PH SSCD 2,-1578.46,Retiro,2023-12-19
4929442,FR18 6685 5013 66JL Z4SP CDZ8 V40,7671.87,Ingreso,2023-12-19
9036563,AD75 7869 8804 QEAT OEWF HYHM,3367.03,Ingreso,2023-12-19
9004071,FR35 4993 3121 47HW OXZY ABQG X31,-9595.83,Retiro,2023-12-19
3417433,BE48 1853 3353 4429,3700.93,Ingreso,2023-12-19
4499947,TR38 5767 6IQ8 DGI7 BIFO TSOT MJ,8169.04,Ingreso,2023-12-19
7006292,HU29 0999 2328 0409 4585 6982 8976,3636.1,Ingreso,2023-12-19
5470594,NL49 QWJP 0315 4064 09,-1868.93,Retiro,2023-12-19
675485,MU51 KTOC 8770 0109 1346 9761 876E UH,1488.0,Ingreso,2023-12-19
1165999,CR95 5024 1741 0098 8501 1,-5273.95,Retiro,2023-12-19
9908473,FR50 2211 9410 89PA JF31 0OL2 E94,6410.06,Ingreso,2023-12-19
795979,NO45 8909 6803 368,-6262.79,Retiro,2023-12-19
2754093,AT81 4484 4598 7657 4652,5029.81,Ingreso,2023-12-19
1477421,FR95 0185 2408 74KM IAS6 VXI0 Y73,2781.92,Ingreso,2023-12-19
3111030,FR41 1417 0915 78ET LQI2 DTLD M96,6388.24,Ingreso,2023-12-19
7692293,PT12 4582 7356 1252 8808 8810 6,-1453.97,Retiro,2023-12-19
4140886,PL64 2036 7750 3607 2145 7004 6857,3669.04,Ingreso,2023-12-19
6619323,FI02 0892 6391 3015 93,2877.45,Ingreso,2023-12-19
2203907,LB71 9148 ECUD 8MPP HE5S YS70 D7U7,6597.91,Ingreso,2023-12-19
5893932,TN61 7588 2607 1398 0312 1397,-2476.48,Retiro,2023-12-19
4237209,FR73 2231 7531 13MK GTMG JGVU 525,-9579.94,Retiro,2023-12-19
6140414,AD92 6299 0994 VKNV DBYI YBOK,-507.36,Retiro,2023-12-19
5005869,SE89 5580 8871 6511 2088 1657,336.27,Ingreso,2023-12-19
9445325,GI55 JWGK XJWL ZPKU HIK9 FSN,-2880.83,Retiro,2023-12-19
78782,KZ96 335C LDP2 3VFB Z4AL,2235.71,Ingreso,2023-12-19
6911721,FR59 7914 4463 772E BUOQ UHZC D03,-2501.18,Retiro,2023-12-19
7538098,LU82 615R BIZN G3U5 F0KW,1016.72,Ingreso,2023-12-19
757361,VG07 ZLQY 2861 1154 1817 1049,-5027.66,Retiro,2023-12-19
8239469,ES40 6331 6660 9697 2264 7239,1178.21,Ingreso,2023-12-19
5791842,FR80 5922 7080 37LT NGWR WC3I 514,2223.53,Ingreso,2023-12-19
1719791,PT90 8701 6681 5803 6641 9205 4,3923.39,Ingreso,2023-12-19
8675579,MC10 8451 1439 86I0 4XCJ PXDU 073,6865.99,Ingreso,2023-12-19
3005897,MR54 2566 4522 5120 3811 1077 766,-2841.98,Retiro,2023-12-19
1374826,MR57 7363 4713 1344 3032 3663 894,2486.65,Ingreso,2023-12-19
1340514,SA91 49PB RSNF E3F3 KB6L NVAX,278.03,Ingreso,2023-12-19
6722769,FR40 5667 2476 84IH P8RA NTOQ I02,-7923.35,Retiro,2023-12-19
2196514,GB14 TPYF 1059 1516 4558 14,8573.71,Ingreso,2023-12-19
9659930,CY46 5573 6355 EY9N BYT7 4DER M2BK,985.52,Ingreso,2023-12-19
8832367,AZ25 BSLK CTNT UEON BO73 TVOF Y1QF,-8303.27,Retiro,2023-12-19
3886517,KW39 JLMK PNSG NPOM CZEY V9FL MPJE IC,-4544.86,Retiro,2023-12-19
1624479,AT85 3652 7258 9629 9494,-9408.92,Retiro,2023-12-19
4664364,AE34 2313 9081 2283 2433 876,-4791.43,Retiro,2023-12-19
4537264,GL53 2776 2857 9263 87,5912.54,Ingreso,2023-12-19
6846598,ES63 8505 8032 6934 2446 0576,-2807.1,Retiro,2023-12-19
7131602,CZ95 8124 9623 8908 8838 4501,7633.45,Ingreso,2023-12-19
110485,PT29 9878 5281 1817 2391 7926 7,-8543.93,Retiro,2023-12-19
9000657,KW11 EJIC QWPQ MPOO OXU4 QR1B KDJZ EF,758.87,Ingreso,2023-12-19
1308492,FR76 9496 8812 485M WVFE 675S M93,-2804.14,Retiro,2023-12-19
138561,LT22 0282 8875 8723 5150,2739.7,Ingreso,2023-12-19
349528,IS58 6240 7269 5545 9959 5254 99,5251.74,Ingreso,2023-12-19
738419,FR18 5226 3248 36HM TT6T NGIY W64,-9073.87,Retiro,2023-12-19
1835776,FO33 9284 7947 9515 45,271.64,Ingreso,2023-12-19
7355314,GT27 4YQB EWWN 5K1Q ONMK WJI5 PPY8,8336.19,Ingreso,2023-12-19
3597532,LV79 QGQI HJLY QKOV IKID 6,9569.18,Ingreso,2023-12-19
4127914,SA12 65CI WEQH 1SXM RR87 GH7N,-8550.43,Retiro,2023-12-19
3259425,DO90 1WSZ 6068 8210 6733 8939 7132,-3840.85,Retiro,2023-12-19
7651145,GE86 SB33 7826 6236 4101 96,5464.04,Ingreso,2023-12-19
8790271,PK90 HFNP QRDZ EBIX DTSF LPFK,1233.52,Ingreso,2023-12-19
4093804,LT65 8548 8326 2203 7341,4193.21,Ingreso,2023-12-19
4156651,GE50 XW94 9684 9596 0528 97,-8079.99,Retiro,2023-12-19
8260037,FR43 6591 7646 220F LQHI ODKO 033,-4924.87,Retiro,2023-12-19
7605207,DE77 7000 1728 2908 5989 07,-4171.41,Retiro,2023-12-19
1363677,NL13 CETC 0997 1354 92,3458.51,Ingreso,2023-12-19
5017678,GL63 3122 7487 8942 41,3200.87,Ingreso,2023-12-19
3375895,MT28 HHGD 5384 9ECI BMPU I2UI NDXV 4Q7,8588.65,Ingreso,2023-12-19
7533863,SE42 3817 7391 7684 8203 3169,2448.65,Ingreso,2023-12-19
7621673,BH31 SJDX DK55 CPXE Y586 QB,1368.14,Ingreso,2023-12-19
5204503,IE94 BERD 8861 3986 0261 63,1839.67,Ingreso,2023-12-19
7196611,KZ09 877Y ZHQN GZG7 ORLQ,7570.06,Ingreso,2023-12-19
2233384,FR85 4922 4551 65JH MGIU JK3W T95,-8773.58,Retiro,2023-12-19
2779243,DO92 UHJN 4187 4169 3132 2396 8072,5389.6,Ingreso,2023-12-19
3847008,FO47 2228 0346 8657 50,-5009.3,Retiro,2023-12-19
6407237,FR91 6662 3735 09Y1 7C6H GLJR O86,-4494.87,Retiro,2023-12-19
1629627,FR76 3504 2276 99F8 IKTJ Z5CU M44,2390.88,Ingreso,2023-12-19
5453785,FR40 2462 4949 58Q3 4VMQ TXKR 859,-1529.94,Retiro,2023-12-19
9013891,FR09 5438 9652 62YF BEAW DZ6O 764,1202.49,Ingreso,2023-12-19
4613652,MK52 765V GHKH B7TK S38,7768.22,Ingreso,2023-12-19
9654397,IL64 4493 8733 3352 6327 767,4993.7,Ingreso,2023-12-19
6048847,LU27 3020 NAXK LRMA GFL1,-8952.36,Retiro,2023-12-19
2429229,RS85 5342 5914 0709 6778 43,3812.9,Ingreso,2023-12-19
6788860,ME87 8094 9196 8974 3602 28,-9622.8,Retiro,2023-12-19
6666142,PK91 AXYX 5U3E UOVC LJXW XJU9,9791.37,Ingreso,2023-12-19
3365723,MR05 0161 9007 5001 6915 2899 916,8460.64,Ingreso,2023-12-19
3856316,AD49 3679 1970 19XP KQZJ M4O9,4886.63,Ingreso,2023-12-19
8704111,GL75 7615 5285 6036 33,-8354.07,Retiro,2023-12-19
8650524,FR86 7242 4764 369D KUKM UKQO J87,6361.06,Ingreso,2023-12-19
5729594,PK61 UROQ IADQ KDRK GZNI VURZ,5660.68,Ingreso,2023-12-19
9196892,MT03 LEJK 8246 6EMA SO5R IXPO F4XH RQR,6869.42,Ingreso,2023-12-19
1304635,CH31 6131 82H4 9KMO A0QG Q,-6708.11,Retiro,2023-12-19
9894108,LB89 3307 M6JP F7YQ AEUN IZIB Y1PF,-2937.09,Retiro,2023-12-19
5390660,AD06 4324 9480 GTF0 N1YE AXNK,-134.08,Retiro,2023-12-19
4512692,GI40 FHLK TUMX FWUO TS5E HQA,136.26,Ingreso,2023-12-19
3066943,FR84 9999 7232 41MO KCIK ROPG Q70,8287.59,Ingreso,2023-12-19
6083810,BR30 3640 9695 5908 9922 3271 630P U,7061.33,Ingreso,2023-12-19
9609441,HU14 2182 2074 8121 9463 6484 4456,-2364.29,Retiro,2023-12-19
9726960,SI93 1127 2973 4341 981,284.79,Ingreso,2023-12-19
9720722,FR83 6327 9394 53OT VP0Z 29SO 861,851.69,Ingreso,2023-12-19
4922641,KZ48 8386 EBXH TDQD BBCY,879.25,Ingreso,2023-12-19
1038970,BR70 5234 5751 3900 7481 2706 109T C,-8083.95,Retiro,2023-12-19
8155353,AL21 7019 3210 H1WU TIWZ SRJT QX0D,9535.75,Ingreso,2023-12-19
3211496,BA94 5814 8057 8784 1637,3759.07,Ingreso,2023-12-19
6843795,SA61 02BO AOGW 7ITU CXDQ B136,-2868.27,Retiro,2023-12-19
207897,CR39 4851 8365 6055 9754 5,-2742.77,Retiro,2023-12-19
4415377,HU50 8657 6355 4077 4404 8039 8904,-8252.27,Retiro,2023-12-19
6116899,IE68 HYEH 9385 5904 7754 40,-7054.74,Retiro,2023-12-19
3207047,PK80 BDKI TBLP UTPU ANVG ZDSM,-2789.98,Retiro,2023-12-19
4593976,TN71 9563 0911 8423 1828 8876,-3582.67,Retiro,2023-12-19
6963594,NL95 LKEW 2377 8428 41,-3891.54,Retiro,2023-12-19
3097845,FR79 7488 1027 17MV LWUC NU8G Z05,-5646.32,Retiro,2023-12-19
6500238,NL52 LIAG 2401 0060 74,-8559.08,Retiro,2023-12-19
150619,NL26 WOTL 2564 5528 46,8210.97,Ingreso,2023-12-19
8208416,IS34 4068 1322 8981 0774 9687 55,-5054.18,Retiro,2023-12-19
6277302,MK02 991P VQGU EMAS M91,-796.53,Retiro,2023-12-19
7101356,FO03 1975 0924 9209 51,-9706.68,Retiro,2023-12-19
8374752,FR87 1547 2808 02SS ZEHZ OGOV 323,-8678.4,Retiro,2023-12-19
1284518,MT66 WBOJ 2542 9IKP W3G6 62HZ GJNQ 1JF,-4633.54,Retiro,2023-12-19
8430820,RO36 ECFR STQR SKP7 S6PH ZZTC,-5856.06,Retiro,2023-12-19
8311128,FR15 1118 3809 52EN UECX PW4Y 154,-3469.12,Retiro,2023-12-19
8627491,FR83 5237 1025 74JT L8X6 KQ2Z 594,-6672.36,Retiro,2023-12-19
4681984,FR34 8655 0605 36UG JJ4N 8DLS Y64,8992.46,Ingreso,2023-12-19
889018,BA25 9186 5886 8001 0299,-1844.13,Retiro,2023-12-19
9610905,LT33 4476 3900 6514 1119,-4381.68,Retiro,2023-12-19
5306354,DE92 7696 3705 0358 4402 18,-7582.1,Retiro,2023-12-19
165321,GI29 SETE OZEO 4LLQ L9BE VNK,8095.22,Ingreso,2023-12-19
8652124,BR13 1458 0200 8787 8598 8149 341S 0,4691.92,Ingreso,2023-12-19
1243469,RO91 RFUB WV8J CPRW IDWC DPGO,-3288.14,Retiro,2023-12-19
9579558,CY68 1059 7928 AGMN CFBX 6YPR 0HKI,-4308.15,Retiro,2023-12-19
5856415,AZ22 RLJX A5JH RLX0 LEMD 6BKK DK52,-7648.63,Retiro,2023-12-19
1727995,FR63 1633 2990 00D1 OU3V KSYH Z38,-6127.03,Retiro,2023-12-19
6642517,LT29 7148 3760 2090 1779,6022.37,Ingreso,2023-12-19
9867180,FR47 2730 4413 36Z8 W7J2 E6BW O91,2797.76,Ingreso,2023-12-19
428913,GT83 HWVV SVGB 5Z5S GDRC KD8P WJYK,4803.69,Ingreso,2023-12-19
6412481,IL61 0314 0470 0322 0967 083,3094.65,Ingreso,2023-12-19
5857148,RS49 0673 0729 3532 6186 95,-9167.43,Retiro,2023-12-19
1671757,BE45 7860 4170 1383,6321.29,Ingreso,2023-12-19
2692540,SM39 R150 1163 682C XNBA SQMV QPG,-5700.31,Retiro,2023-12-19
7769410,GE92 KR07 8564 3319 0447 34,-2323.76,Retiro,2023-12-19
270894,IE75 UNTW 8008 9687 9292 65,-542.37,Retiro,2023-12-19
1219085,KW54 BBPK AAXY YIEM LOMR 1YF1 MOWU JH,-2236.98,Retiro,2023-12-19
311989,LV17 VRUR WV5S 94YY DNL9 L,3706.62,Ingreso,2023-12-19
8333341,DK70 3682 4058 6784 01,2462.12,Ingreso,2023-12-19
691629,CR13 1125 7728 9385 6064 6,9983.5,Ingreso,2023-12-19
2202137,MU51 HTAT 8126 2603 7219 5827 019C GM,9524.3,Ingreso,2023-12-19
9317107,FR93 4199 0618 80P1 C8SD 7LGS L06,-6512.32,Retiro,2023-12-19
8081592,RO41 RLEF H5OM QYZK FNAA 431W,102.02,Ingreso,2023-12-19
210283,PL08 5649 1355 6064 3638 6728 2224,-8488.32,Retiro,2023-12-19
6692243,RS92 1819 6944 9069 2955 97,-3373.05,Retiro,2023-12-19
2275068,BR21 6436 1866 1476 5023 9898 407C T,6425.28,Ingreso,2023-12-19
5098332,LU44 2240 8Z5R 9O5H P6KP,8829.05,Ingreso,2023-12-19
3350600,BR95 2657 1038 9552 7290 7780 523N R,-6332.6,Retiro,2023-12-19
1329211,FR59 8076 1593 7424 MENU WVHN J66,-2769.29,Retiro,2023-12-19
3948551,FR78 8635 8334 47TP FK0F JMEN W65,9646.5,Ingreso,2023-12-19
3329929,BR57 1436 3345 8597 2686 3053 021Y 0,801.58,Ingreso,2023-12-19
3721046,MU65 YPRG 2710 3488 5384 1902 087Q MK,6235.95,Ingreso,2023-12-19
2622857,FR50 7154 6597 88YO 3ODV BNPB L72,-4645.14,Retiro,2023-12-19
7181847,FR17 6303 0110 56CF GHJ4 HTNI C91,7932.71,Ingreso,2023-12-19
1579621,SE96 7084 1720 6653 5322 9206,2192.61,Ingreso,2023-12-19
5753873,HU70 3237 3157 8309 5265 8948 0909,-6605.11,Retiro,2023-12-19
8430101,KW93 XENN MDEW RJPL BBUF VGEI TXXP I7,-6873.05,Retiro,2023-12-19
7323055,AE66 7085 2524 3535 9696 294,3222.19,Ingreso,2023-12-19
7653029,SI88 1734 0546 6656 227,-6953.85,Retiro,2023-12-19
5823911,ME18 6214 5617 1565 0735 22,8914.92,Ingreso,2023-12-19
2371210,RS44 4200 8978 4979 3393 36,6481.76,Ingreso,2023-12-19
1629785,BR19 6725 0073 0574 2003 8656 267F J,-2354.1,Retiro,2023-12-19
6470844,GR91 6196 483O QAEG DS57 L7FX 8NH,5587.68,Ingreso,2023-12-19
6233880,IE56 LJSJ 3792 5961 7943 94,-4754.07,Retiro,2023-12-19
579744,SI35 2538 9444 6254 721,4658.47,Ingreso,2023-12-19
6199011,LV02 IKZV S6OX QIA0 9VYB 3,-3384.12,Retiro,2023-12-19
1544536,DO79 HWTV 6080 9195 8989 4061 7326,-1125.56,Retiro,2023-12-19
3095373,FR39 9720 2704 726J YXK2 JAPO E59,7512.86,Ingreso,2023-12-19
9794538,TN37 2679 3195 4799 1918 7513,7431.02,Ingreso,2023-12-19
314142,FR10 1061 8916 437T 0NPT QSGP 475,8243.02,Ingreso,2023-12-19
6640321,RO04 ZUIR Y4OK O1XM IO13 9MFP,-2282.55,Retiro,2023-12-19
5200828,FO58 5213 1964 5338 84,-1688.69,Retiro,2023-12-19
1495330,DK29 8476 1408 5452 71,-5004.41,Retiro,2023-12-19
9655377,FR93 8140 1306 74SL JQA7 YDLX 645,-6364.58,Retiro,2023-12-19
5455167,FR78 9414 9256 071W MJBL RPHM Z74,36.9,Ingreso,2023-12-19
1934112,FR04 8138 6035 68F0 KNSX IDMR C40,7157.01,Ingreso,2023-12-19
8220272,SM03 I726 8115 5233 HGM5 NILN MD5,7522.22,Ingreso,2023-12-19
5526091,DO02 SFL7 4744 7438 9370 5632 2427,-6774.86,Retiro,2023-12-19
4767692,GT89 8JTO PG6Z Q48Q 9XDP 8UUO 0FZE,-8327.77,Retiro,2023-12-19
1867147,LI09 3259 8DMY O7DC INAM I,-9113.37,Retiro,2023-12-19
4838586,SI60 4334 5605 2590 804,839.54,Ingreso,2023-12-19
9797762,TR68 3458 4SP3 EVIF RXHM CS3A K8,-1749.22,Retiro,2023-12-19
9773177,ES22 0310 4247 4809 4224 4087,-1685.79,Retiro,2023-12-19
6491494,FR67 5586 3324 795O ZY9D QDVP 521,86.19,Ingreso,2023-12-19
9498818,DK72 8259 9299 0364 26,4376.3,Ingreso,2023-12-19
5822042,HU79 9194 2700 4965 4455 0843 1825,4395.44,Ingreso,2023-12-19
2654949,DE04 8738 3264 0853 1430 08,-9187.92,Retiro,2023-12-19
2376356,AE59 4785 0378 0989 9793 171,9921.88,Ingreso,2023-12-19
319947,BA30 9007 5317 7270 7410,2498.69,Ingreso,2023-12-19
6731271,GT79 6XMC FQFG VOSL QKE4 VAPW YNFA,-7574.55,Retiro,2023-12-19
3296245,ES64 8364 6246 4753 2254 9269,-6196.37,Retiro,2023-12-19
335918,HR70 7218 4071 0004 6013 3,-3532.53,Retiro,2023-12-19
5586682,IS95 1936 0513 5332 6575 2043 44,4821.03,Ingreso,2023-12-19
1473917,FI06 1474 4288 1832 17,7280.88,Ingreso,2023-12-19
9458121,DE21 6715 1732 0141 1866 85,-9099.27,Retiro,2023-12-19
2616283,FO74 4133 1884 8692 97,-3345.84,Retiro,2023-12-19
277511,CH52 3892 5D0W 7HMB IBAM 4,-4614.53,Retiro,2023-12-19
8771644,RO02 KZNF CZ2N 1VXT I5CC G7A1,3933.42,Ingreso,2023-12-19
7008085,FR69 1484 0215 5351 UZY2 KW1H I50,381.57,Ingreso,2023-12-19
7262766,KZ75 353I YMER PIWV OBEA,-1303.74,Retiro,2023-12-19
9384470,AD98 7423 6715 JMVB SH41 GNJY,-1048.5,Retiro,2023-12-19
5099692,FR48 5852 5788 26EM CJSZ W9XZ V79,8691.73,Ingreso,2023-12-19
6212958,FR25 7212 1274 99BF N5CU VYXO P91,-8216.06,Retiro,2023-12-19
8112337,SI27 8354 3797 7513 989,5916.57,Ingreso,2023-12-19
8295781,FR92 8920 5425 18F9 2NUN MWVY O61,688.45,Ingreso,2023-12-19
4908665,AZ40 DPLH 6L2C T5IA F28P HET8 WEJJ,-3751.84,Retiro,2023-12-19
1556202,HR10 5173 7028 3882 1519 8,-5222.28,Retiro,2023-12-19
5999423,DK10 0210 5416 4242 64,-3398.71,Retiro,2023-12-19
224119,FR15 4927 8003 44DD UEFN MOBG K18,-3183.85,Retiro,2023-12-19
7447330,PT52 2258 3117 6831 6416 2965 2,-1673.35,Retiro,2023-12-19
6116100,IS03 1369 2189 5621 1180 0015 43,8454.96,Ingreso,2023-12-19
6321228,CY71 2191 5843 UIWC QVEE X1UY QCTD,2954.56,Ingreso,2023-12-19
3396707,BE56 3249 6245 4570,-7033.02,Retiro,2023-12-19
62554,GT19 JZ6S XVMW UCHG DKQP FOKC LSNR,7990.21,Ingreso,2023-12-19
472814,FR94 8010 4195 35FN D8AE EZAV F73,9282.59,Ingreso,2023-12-19
3516453,FR05 6541 1699 418N K2WJ YEIP J26,-4137.35,Retiro,2023-12-19
3967676,MD64 XF4E SVHW 3NHI YAX7 NX1S,5332.44,Ingreso,2023-12-19
1085819,BA28 9643 7824 7053 1900,3712.62,Ingreso,2023-12-19
2906029,KZ48 1958 KBYH NBUV OYIU,2053.84,Ingreso,2023-12-19
6893727,HU39 5016 2673 9380 4341 8299 8089,-753.55,Retiro,2023-12-19
7629064,SI33 7506 4896 7985 266,7694.7,Ingreso,2023-12-19
8599210,AZ41 PKZM PO6J DJHS TFGN EBSU LADX,9014.98,Ingreso,2023-12-19
2321083,FR11 7373 2506 32BP PWYC MS4O P26,-2491.51,Retiro,2023-12-19
6918374,FR75 0151 2607 02MW U891 EUF8 V51,-4961.81,Retiro,2023-12-19
1114946,LU20 3626 UCT7 QDK5 LLE0,-2219.71,Retiro,2023-12-19
4464914,MD94 XQLK NOVM 1UCB M5AW TLAH,-9257.44,Retiro,2023-12-19
1004094,FR32 6530 7428 46E7 E96J AUA1 C53,-3350.69,Retiro,2023-12-19
9167181,FR59 1324 1383 43HB KNNV GMQG W28,-5108.21,Retiro,2023-12-19
3727899,MR60 3442 2465 5456 8829 9409 357,-3293.23,Retiro,2023-12-19
7034611,GT92 VEKG SSY7 VD6T SDD2 K9MT VCFH,-2120.32,Retiro,2023-12-19
9901488,NL82 RCHN 0298 0498 31,5100.63,Ingreso,2023-12-19
2639540,DO67 ZF0Y 3225 2846 3396 9579 9395,-6453.46,Retiro,2023-12-19
914922,MD25 1FDL A9WY OPLQ OMBN 4A5B,5694.46,Ingreso,2023-12-19
791828,LT85 3874 4868 5061 1618,-6668.21,Retiro,2023-12-19
7847005,GL79 9441 0220 6948 80,-9627.88,Retiro,2023-12-19
7378261,SI72 2514 5451 0354 978,-8795.14,Retiro,2023-12-19
3097074,GI26 GVPX URYV QE1V ZTTJ 4PU,-5083.33,Retiro,2023-12-19
7503122,HR41 2501 4193 1322 7731 8,3018.71,Ingreso,2023-12-19
2669982,NL78 MNRN 1040 2908 02,-7.47,Retiro,2023-12-19
9618114,FR66 8271 9984 61YA LOUY AZHU Q71,6294.77,Ingreso,2023-12-19
3305034,PS71 XDMZ A49S BAET 5TJV GCVC GM4M 1,-5828.43,Retiro,2023-12-19
5245219,HR96 8503 7536 3565 0464 0,5843.34,Ingreso,2023-12-19
9060620,CH16 3569 12RU TZ7B WC09 V,-831.48,Retiro,2023-12-19
8867389,DK88 6649 7844 1178 41,-2578.6,Retiro,2023-12-19
8692073,TN49 8022 7422 0272 3808 8940,-8881.2,Retiro,2023-12-19
5985379,LU71 723Z EL4V IOQO H5D0,783.79,Ingreso,2023-12-19
1971614,KZ60 526T PBMR X9BX K4VJ,-7098.36,Retiro,2023-12-19
5901949,FR41 2159 3495 21LT 0WTJ C76C D06,-2239.02,Retiro,2023-12-19
5194551,MT32 QXGB 0618 8EVO KPYG OJPJ PSS8 PZL,-6908.58,Retiro,2023-12-19
4436588,GI76 BWRN KXXP MK1U BE3U Z18,3083.73,Ingreso,2023-12-19
7352162,MR72 9160 3521 2117 6493 9634 604,3880.75,Ingreso,2023-12-19
3966497,TR77 8816 8DJU H5YA MY9D L2RH TX,-1542.08,Retiro,2023-12-19
7553835,FR30 9354 6937 78L8 BPTT 7RNA U07,4533.82,Ingreso,2023-12-19
5452527,GR98 9128 852O JGP7 FWGV LGQV WDJ,-792.7,Retiro,2023-12-19
1042129,SI58 5648 3560 0078 980,-1843.75,Retiro,2023-12-19
1865713,SE49 9593 7511 4200 0203 7782,514.42,Ingreso,2023-12-19
6500196,IE44 TVPE 8176 3916 8802 85,-6223.91,Retiro,2023-12-19
5703367,CZ73 2501 9084 8687 4629 0337,9340.66,Ingreso,2023-12-19
9650427,AD71 7014 9616 VPVH KVFY GJRL,4806.9,Ingreso,2023-12-19
8166965,FR34 7715 7974 49EE VHXP VCAK N53,-4531.6,Retiro,2023-12-19
9284000,SE73 3234 0480 3769 7469 1674,-8320.87,Retiro,2023-12-19
5247280,MC56 4514 3226 66MS QQ7R 1TNA R72,7175.04,Ingreso,2023-12-19
9218418,BG26 TXWL 0086 599I SRTK G1,-8879.94,Retiro,2023-12-19
2585268,TR72 8944 2GWR KRZG V7NP XLIV 4L,-7610.96,Retiro,2023-12-19
6666367,GB23 AMHK 0567 3995 8002 63,-6481.7,Retiro,2023-12-19
8722996,LU70 369I FJPH ZGDR KEWQ,-7519.77,Retiro,2023-12-19
2839312,DK86 4756 7588 4847 81,4010.45,Ingreso,2023-12-19
2632223,FR59 8896 4652 29KO NGKL R5CF Z98,7945.03,Ingreso,2023-12-19
7368199,DO98 KFIY 6410 3665 8863 0574 8158,-5200.96,Retiro,2023-12-19
5615461,MU36 LDVX 5160 6845 8710 1706 735K YP,-472.1,Retiro,2023-12-19
656350,LI71 4394 1PCW ELMU 82LV Q,5379.51,Ingreso,2023-12-19
9263632,MU50 BRBZ 4153 6392 4344 3480 662F FE,-1463.95,Retiro,2023-12-19
7885459,HR63 9351 4627 4984 2268 6,7174.86,Ingreso,2023-12-19
6551014,IT42 O180 8063 735B V0LR 2PJH H5H,-8332.6,Retiro,2023-12-19
7498378,FR85 4766 5124 92VX SPIA 9JJZ P34,-2239.49,Retiro,2023-12-19
8010205,CY42 8199 9157 BQLJ TZRG Q4AO 7HGG,-7342.43,Retiro,2023-12-19
8161206,LT66 5379 7247 4084 1503,-8217.17,Retiro,2023-12-19
5118828,PT73 9730 4919 9712 1681 0236 9,-7261.41,Retiro,2023-12-19
6626594,LB09 6458 ZAEP 4YVW HR4Y AZ0T GT12,-8789.32,Retiro,2023-12-19
535125,LV84 GQXU UDZO ACUX LBA1 R,-1586.1,Retiro,2023-12-19
4148431,FR03 1876 7835 25LJ MQSF EGLF F63,6384.7,Ingreso,2023-12-19
6035109,NO63 0191 6965 868,8168.32,Ingreso,2023-12-19
9305257,PT18 3631 9618 6658 0462 6002 2,8833.18,Ingreso,2023-12-19
9261497,MT48 QYRH 4724 2LMW 1MS3 WTTV T8LU HJI,-2028.39,Retiro,2023-12-19
4297363,TN55 3601 2856 4216 7942 5281,2371.29,Ingreso,2023-12-19
755517,BG76 XFMW 7971 8171 DEVY SR,360.3,Ingreso,2023-12-19
3614577,FR70 4276 3420 76NN 70AG SGCB B44,240.49,Ingreso,2023-12-19
9436457,MK14 8311 XCS0 BOPE L79,7811.36,Ingreso,2023-12-19
8405777,FR20 6980 6791 08PQ 9SEA TIVM G86,-4801.67,Retiro,2023-12-19
6990510,SI31 3034 1382 7227 999,6943.48,Ingreso,2023-12-19
2155149,SM47 V493 2093 914W QFVB YUVK 81Y,7264.58,Ingreso,2023-12-19
824774,FR77 9570 7542 35V7 NME1 IHJ5 N44,-8902.64,Retiro,2023-12-19
2780189,FO77 9310 3076 5873 63,1767.86,Ingreso,2023-12-19
2977334,NL39 KAGH 8964 1204 38,2465.21,Ingreso,2023-12-19
7188919,LI25 2168 8GEX UGDH UWUC C,-4644.94,Retiro,2023-12-19
4842813,PS20 NXOU XWIK KJB5 ILM7 LIU8 XPAS Z,-2561.71,Retiro,2023-12-19
7103077,AL80 4413 0409 SRNU 8WKZ T4RS 4EZB,6832.65,Ingreso,2023-12-19
1215214,PS89 TTVT VAXO DAXR YUI3 OBJK ZUEQ L,7788.57,Ingreso,2023-12-19
2529657,ES13 8062 7985 4908 1222 4266,977.83,Ingreso,2023-12-19
3000520,MC56 2876 4408 68JA X6WU 5OWE W57,-3997.86,Retiro,2023-12-19
1508397,FR81 9030 6600 37YR 2VXV 5Z0J O43,-767.01,Retiro,2023-12-19
482247,AD27 2753 4436 EEAR XQCF V7QC,4804.46,Ingreso,2023-12-19
283601,GL67 9409 9298 9070 70,2627.31,Ingreso,2023-12-19
5826205,FI04 6539 3833 7138 47,9159.04,Ingreso,2023-12-19
6856872,PL98 8871 9818 3699 8248 2177 2214,-265.57,Retiro,2023-12-19
5385110,MU35 BAHF 8896 8618 6723 5472 838M XS,-9080.3,Retiro,2023-12-19
1889564,AE36 6236 8970 7398 1953 122,-5119.62,Retiro,2023-12-19
858967,GR85 3524 860D Y0VL KUNU SZHV UQW,7607.95,Ingreso,2023-12-19
8138692,PK03 BAXD QS5P JZIP JLWW MEQV,8155.0,Ingreso,2023-12-19
6604865,GI96 PUGZ IHG0 KLFV 4AFQ 6JI,-1711.6,Retiro,2023-12-19
1572894,IS80 6348 1220 9440 8727 1297 68,-904.89,Retiro,2023-12-19
160620,FR05 3241 9207 04Z4 VFJX Z6S9 S94,5782.04,Ingreso,2023-12-19
6540396,FR57 7628 5379 23J2 CUCD CS8W C61,-3676.16,Retiro,2023-12-19
1837809,LI97 3905 0O2K 7D4L BKTB B,-4498.46,Retiro,2023-12-19
7148621,IE57 RBPU 1599 0639 6439 21,-658.3,Retiro,2023-12-19
7147107,LV46 ZWEB CBEX KFXG VB5U D,-991.08,Retiro,2023-12-19
9936215,GT45 QPXR ABAA AUPY KULR ICG2 YJNN,2888.86,Ingreso,2023-12-19
7095088,BE70 4355 8059 5494,-3009.57,Retiro,2023-12-19
4644815,ME19 5991 7653 9523 9793 13,-7907.68,Retiro,2023-12-19
4726018,HR46 4400 4478 3159 3260 9,9740.87,Ingreso,2023-12-19
1706753,PS06 VTQE YOZC JMSV FYM0 RCEB QDKO J,-3982.67,Retiro,2023-12-19
2239847,SI40 1251 5122 2556 666,6570.36,Ingreso,2023-12-19
8374420,BA86 1080 5821 1533 1020,2013.47,Ingreso,2023-12-19
6951172,GL41 5840 6591 0823 00,5842.89,Ingreso,2023-12-19
9435509,GL29 8771 3041 6185 90,-5880.57,Retiro,2023-12-19
8036079,ES47 5276 6552 3678 0676 5417,301.22,Ingreso,2023-12-19
3879088,AZ39 JWNT TJDL FEEH ORJD KXOR USCX,8967.18,Ingreso,2023-12-19
4563851,GL32 4127 0001 8078 92,-6069.9,Retiro,2023-12-19
1274974,SK72 8633 1481 8083 4176 1391,2631.75,Ingreso,2023-12-19
3558629,GR87 7790 970Q 8MLX CJNG PT38 WQY,-1100.85,Retiro,2023-12-19
6615797,PK70 ZYHW DGZY OHKW RVR6 RSLU,7182.96,Ingreso,2023-12-19
9431854,ME57 8032 8199 2348 6245 95,4209.54,Ingreso,2023-12-19
9390867,FR07 6895 9990 98WL LAXP SWOP A52,-8862.62,Retiro,2023-12-19
814733,FR96 6650 3174 79FB QURF BP7A X49,-2356.33,Retiro,2023-12-19
9839033,AE86 2211 6930 7649 7881 712,-6185.87,Retiro,2023-12-19
6564828,LI72 8458 7FYH W79X VQJX 4,2786.41,Ingreso,2023-12-19
544915,FR15 6003 8680 92JK LWWR VE6U Y02,-5629.13,Retiro,2023-12-19
7149663,AD02 2348 3027 1IMW WE7S IGQT,8986.98,Ingreso,2023-12-19
5023859,SI60 0868 6744 3865 505,1921.23,Ingreso,2023-12-19
6685975,FR34 3986 2702 18F8 RJKJ 5PV2 F37,6517.19,Ingreso,2023-12-19
6685531,SA87 62HP YGNS TX2G C4GP FKK0,1189.45,Ingreso,2023-12-19
8009839,HR60 8927 3859 1315 5048 1,-2442.93,Retiro,2023-12-19
7248879,AL52 1860 8849 YUGZ M51T MTJ5 SBVP,3668.5,Ingreso,2023-12-19
1589533,LT43 3702 3482 8331 0496,4223.02,Ingreso,2023-12-19
2437234,SM16 V331 7901 817O GXGW GMZB 6V9,7875.97,Ingreso,2023-12-19
437452,FR95 7243 0193 32HZ 580E WNIE T10,-8019.74,Retiro,2023-12-19
8556378,MK32 244I 4IF2 WZQG S95,4103.68,Ingreso,2023-12-19
6357727,BE63 2732 9735 6666,-882.7,Retiro,2023-12-19
3221403,FI30 0008 7081 1446 76,-7865.47,Retiro,2023-12-19
8705871,SM94 J543 0309 246E JEKX LINQ XMN,-6165.27,Retiro,2023-12-19
3908501,BE46 6763 2481 2603,-3208.76,Retiro,2023-12-19
6000295,GR47 9098 360X 1DPC VOK6 5I2Z BT8,-6049.22,Retiro,2023-12-19
4216865,AZ96 HDGR 3FIO NT0Z NROH 6F8J EIA6,338.03,Ingreso,2023-12-19
5470961,GT39 XLWS 9NFO UGCH NMLF 7FBW Q22H,1582.81,Ingreso,2023-12-19
7335632,GI45 ZZLN ZTCN DNQN P0BE XN8,-8447.28,Retiro,2023-12-19
5834139,FR69 6675 0822 43YZ PCLB SSFH Y91,4980.46,Ingreso,2023-12-19
7953588,CZ58 5379 4254 6899 9966 0513,-7394.05,Retiro,2023-12-19
7614889,GB54 HVZK 4011 1945 1884 92,-7877.41,Retiro,2023-12-19
2267915,RS09 2179 9991 9489 1859 47,3106.67,Ingreso,2023-12-19
4069763,NO96 8581 2360 043,8726.32,Ingreso,2023-12-19
8528198,FR89 6374 8125 09ZC 2NZP RBAV O39,9330.18,Ingreso,2023-12-19
4496738,BG45 VOES 5144 861I R6OL XT,9212.6,Ingreso,2023-12-19
9003577,LI08 1543 1MYE NEPP XC4J E,7520.94,Ingreso,2023-12-19
726415,PL17 8844 0457 9917 1657 7392 1096,3529.34,Ingreso,2023-12-19
6421227,AD34 0401 8781 IPC2 CII1 WCY0,-9461.67,Retiro,2023-12-19
7769215,KZ48 520P 2BO4 10XZ UGDS,6873.7,Ingreso,2023-12-19
3814647,FR47 3718 6430 76PG YD9F 4F2C N78,-2485.64,Retiro,2023-12-19
7159774,BE92 4131 6856 1186,-7913.32,Retiro,2023-12-19
1977696,FI92 3227 2441 6214 26,-6771.61,Retiro,2023-12-19
8379697,PL51 2976 8369 7334 0037 3646 6766,-894.95,Retiro,2023-12-19
140585,BG23 CHVV 0591 720A SCWI 0P,6404.1,Ingreso,2023-12-19
1641070,MC36 2629 2110 56LN A3WU DENT C84,9427.63,Ingreso,2023-12-19
6859580,MR32 4190 3104 1072 9401 0193 627,6280.07,Ingreso,2023-12-19
1741145,IT53 I416 0945 319D ZUCJ AGY0 SFI,-169.82,Retiro,2023-12-19
5447715,IS48 5619 4674 4040 0613 7746 19,7783.42,Ingreso,2023-12-19
2614410,HU30 3047 9666 4506 7438 6427 6891,-3686.69,Retiro,2023-12-19
3803722,FR50 6737 1017 00JY MG9X KJ5F G71,-9007.65,Retiro,2023-12-19
395265,KZ22 1976 KANW XSSO IILG,-5692.14,Retiro,2023-12-19
8521891,BH79 CDLX S03E JYWT BPDO TX,1830.25,Ingreso,2023-12-19
9374300,SM76 R465 9648 116L PUWO RAKC KH8,7585.67,Ingreso,2023-12-19
2625945,GE50 BU55 7641 1501 1124 60,6020.69,Ingreso,2023-12-19
4745956,FR13 9888 9401 32SN 8RCP MCQL I90,-1544.63,Retiro,2023-12-19
4363919,HU57 5786 8770 0241 5143 4015 3988,8649.55,Ingreso,2023-12-19
7677273,FR05 0524 7472 17QZ ABYM HDZA K00,-1367.63,Retiro,2023-12-19
4540758,SA54 60H7 UJ2V TPTG CLL3 OZOW,-3708.13,Retiro,2023-12-19
9835125,LI91 4850 1WNP IZEA FMCU 2,-3850.14,Retiro,2023-12-19
7573879,BG08 SINL 9478 70RD P3HM UC,6080.51,Ingreso,2023-12-19
9347342,GE58 XE12 6004 0784 0501 44,-9564.93,Retiro,2023-12-19
8493037,FR83 4117 5084 80HA 6DMF SEQF L58,-9502.42,Retiro,2023-12-19
7243017,AL68 5871 2626 J8GG KHAU UXWW FSNR,226.43,Ingreso,2023-12-19
8491068,GI21 AZCC O1RH V6F4 THHS XRA,5553.26,Ingreso,2023-12-19
8902117,LB39 1286 F5BE RF9Y O9RE WPYK HHBS,-8760.85,Retiro,2023-12-19
8671581,DO33 J0VM 9658 0288 3276 2178 9236,242.85,Ingreso,2023-12-19
4015282,SK40 5091 9445 3502 5754 5436,3528.07,Ingreso,2023-12-19
3182705,BR09 2894 6064 4029 2125 5241 007P F,3777.76,Ingreso,2023-12-19
2481916,BR44 7010 5613 4834 9235 9933 301L E,7980.91,Ingreso,2023-12-19
6724960,VG40 WFJW 5472 1003 5047 5355,6243.81,Ingreso,2023-12-19
360477,IS16 7590 7906 7716 4970 1226 66,6828.1,Ingreso,2023-12-19
6991979,SK03 7215 3311 7807 6734 7210,-7876.23,Retiro,2023-12-19
3671981,DO51 1CMK 4801 4993 8035 5501 7168,-1765.85,Retiro,2023-12-19
7701136,ME05 8116 8550 2712 0318 40,6989.52,Ingreso,2023-12-19
1100907,LV12 BVMO ZKZB VJBK X1OC Y,-1282.62,Retiro,2023-12-19
7967027,MD81 KR7O 75CQ IPFP MFGW JTSI,-2336.58,Retiro,2023-12-19
9208740,IT89 J389 5322 145U CO4I JX64 DB9,-7975.34,Retiro,2023-12-19
3103882,AL72 6709 5012 WZCZ NOB5 8MNV AZRZ,-9234.29,Retiro,2023-12-19
9348284,CZ78 9600 5255 7905 5407 9950,5567.39,Ingreso,2023-12-19
9924538,GE73 ZU75 1308 0479 7263 15,-8837.07,Retiro,2023-12-19
8485551,FO83 8970 1047 8855 81,-2473.1,Retiro,2023-12-19
8583377,LU70 300E IYLL RYCV OMMH,-5546.95,Retiro,2023-12-19
6143662,MR72 5051 2769 2818 1551 4225 103,-9353.29,Retiro,2023-12-19
9117477,NL36 TDJU 5670 8079 68,-8395.57,Retiro,2023-12-19
5521274,IL92 8771 0738 0370 0707 072,9034.73,Ingreso,2023-12-19
9611194,EE57 1575 0322 4528 2868,-6708.4,Retiro,2023-12-19
9000905,CY52 1698 9378 MHEI AG5N DHHZ JEWR,9612.65,Ingreso,2023-12-19
3727598,MT93 REAC 9664 3NSY KSM1 QZJM Q73C YYL,-9500.05,Retiro,2023-12-19
7223470,NL17 VHVM 6434 6577 40,4900.45,Ingreso,2023-12-19
9986938,HR43 6810 5704 7891 3179 7,-2058.46,Retiro,2023-12-19
4774641,FR49 3227 5329 97AW 7KAF VGXN D11,-1895.82,Retiro,2023-12-19
8196628,RO48 IBAZ K0W8 DAB7 M6H7 LBQG,8655.54,Ingreso,2023-12-19
181413,KW49 HTRR GMOY TSHW S87J MS80 JZWM XT,5878.53,Ingreso,2023-12-19
5938526,PT55 5758 8459 5346 7045 1249 6,6362.42,Ingreso,2023-12-19
2975471,GB25 DOQM 9319 7468 0040 74,-5775.56,Retiro,2023-12-19
8739276,LB04 5685 L2OH J732 4EQB JAX9 5XQO,-7948.21,Retiro,2023-12-19
428418,AD75 4583 0483 T1NW AFW4 OIQS,-6975.16,Retiro,2023-12-19
1872932,FR23 6148 6295 67U8 PN0P Y4ZL O98,368.32,Ingreso,2023-12-19
8780585,PL90 0013 7035 8918 3090 8581 7010,-6131.04,Retiro,2023-12-19
6859798,SE82 9371 5456 5119 0470 7478,1143.04,Ingreso,2023-12-19
2381425,MR95 2534 1166 5908 0693 0632 464,1455.07,Ingreso,2023-12-19
5763997,AD81 3722 5497 P5BL 4VAL U7EC,5856.3,Ingreso,2023-12-19
6859232,AL74 0827 5231 T3W7 WNYZ OMNX GHNP,6310.1,Ingreso,2023-12-19
396695,CH79 9803 374I NH6J EKFX L,2892.75,Ingreso,2023-12-19
6619145,GE54 OK10 0675 3928 8500 15,-5960.19,Retiro,2023-12-19
4725266,PT80 3370 4213 6455 7942 6957 8,-8081.75,Retiro,2023-12-19
5091483,KW36 UALK IKJB R6FQ 2GTR LYLX BHYN MF,-5188.15,Retiro,2023-12-19
9846870,FR97 7950 7759 65VY 4Y0Z PXTR G77,4477.04,Ingreso,2023-12-19
7778280,FR11 2991 6724 83RF GJNM FQ5B M52,2209.75,Ingreso,2023-12-19
9890035,MR80 1160 8897 7181 6847 4819 928,-9491.25,Retiro,2023-12-19
5013526,CR19 6376 4460 5949 6621 4,-6842.55,Retiro,2023-12-19
5666182,GB50 VRUQ 9932 9191 4166 21,-5564.55,Retiro,2023-12-19
4176789,FR15 6071 8619 24RP L3TI LTEB X59,-4435.42,Retiro,2023-12-19
8054647,GR92 4495 994N NK83 YMGF ZKGA EZ9,-2316.92,Retiro,2023-12-19
6105139,CY21 6062 8612 BUCY IOCG 0YSD Q6FB,6507.37,Ingreso,2023-12-19
353593,LI80 2472 5YYE M59L 0OON U,-8950.42,Retiro,2023-12-19
1125383,VG89 NRJE 4187 6699 1187 0579,-1486.82,Retiro,2023-12-19
6157506,GI81 LRQL JTQY UZT1 I4VB HGO,543.9,Ingreso,2023-12-19
2471822,BR72 2879 0921 1424 2755 5811 700Z T,-813.9,Retiro,2023-12-19
2746294,SI63 3832 8084 9151 012,9312.74,Ingreso,2023-12-19
312724,GL84 7200 2584 8983 96,-8018.44,Retiro,2023-12-19
670686,NO18 4387 4415 521,1383.86,Ingreso,2023-12-19
5882044,RO23 KQBX 285O JZIP 9SZJ JTB8,-9581.49,Retiro,2023-12-19
1274213,GI03 GJEY RSXM UOB4 PC0U RFN,1682.57,Ingreso,2023-12-19
3502882,PS14 KOTQ XX1C SAE2 NXRP 7H2K NMQU 5,582.1,Ingreso,2023-12-19
6413988,MC55 6441 7430 32XL ZB34 ZXWZ H14,8554.91,Ingreso,2023-12-19
746963,KW86 DFBT GXYT KEMB MIOV ME7S 9ZJD PX,-3318.68,Retiro,2023-12-19
899640,BE89 9013 5081 9967,-752.08,Retiro,2023-12-19
8274763,GB71 PRAY 1135 8576 3524 13,6023.85,Ingreso,2023-12-19
2374030,GB57 KFCG 3312 4738 0016 14,-4597.91,Retiro,2023-12-19
2418346,SK46 7862 5944 9524 8313 7110,-1688.39,Retiro,2023-12-19
5435779,ME75 1821 2336 6045 3845 16,4463.36,Ingreso,2023-12-19
2048524,MR94 1328 5607 3324 0758 0096 205,9043.97,Ingreso,2023-12-19
5284545,BA20 6602 3667 0632 9862,8255.35,Ingreso,2023-12-19
408672,MU16 NXYB 3705 1055 4117 4293 449T FS,-7167.07,Retiro,2023-12-19
5005190,GE43 ZP90 1682 3563 6547 49,8367.91,Ingreso,2023-12-19
2863709,TR85 4137 6TZK 96J3 IUHM F9D1 WV,-8985.14,Retiro,2023-12-19
2003153,MT78 HTSP 4629 46ZF KRSO FSMY LW1U WV8,9260.28,Ingreso,2023-12-19
2484414,SI65 5895 2592 3961 832,-190.4,Retiro,2023-12-19
8359095,HU66 3764 9574 1434 2669 7483 5767,638.0,Ingreso,2023-12-19
7252120,FR77 9822 7795 35CV MFAE OT4Y P52,-4478.49,Retiro,2023-12-19
6890934,FR18 7055 1984 72FP ELO2 4XH0 H61,3564.18,Ingreso,2023-12-19
5990686,AD65 9276 9870 RKIY PAXU BFOQ,4340.21,Ingreso,2023-12-19
8297088,TR71 9040 3QTZ IAQP 3K6Y JKRF KV,-6799.78,Retiro,2023-12-19
3406037,SK36 3224 9971 8200 3234 9092,-3439.47,Retiro,2023-12-19
52465,SI05 2540 3135 8041 519,7269.46,Ingreso,2023-12-19
1660580,CY60 9262 0866 NV8Z ZLYW OL4T PP6I,-6037.8,Retiro,2023-12-19
4818443,KZ37 868E IHBF G6KR CINZ,8732.5,Ingreso,2023-12-19
4509454,GI10 SLML DUCV LRFI VGWX 0CF,6116.26,Ingreso,2023-12-19
2354089,MU46 JTQK 0888 7730 5966 8596 761S FU,3692.11,Ingreso,2023-12-19
7052528,FR69 4391 0757 65YQ 2GGL GHGE D88,-4100.73,Retiro,2023-12-19
280243,LU29 058C QD0A BXGS LP88,-925.58,Retiro,2023-12-19
9400733,ME32 6578 3967 8943 7591 52,-868.29,Retiro,2023-12-19
9643965,DO31 HWWM 0628 5287 3324 5764 0990,3027.68,Ingreso,2023-12-19
63391,BE13 7424 8443 1340,-3042.06,Retiro,2023-12-19
8012511,FR94 1253 4175 42ZZ RBFI LFK8 B94,-6192.82,Retiro,2023-12-19
7241179,AZ31 GHVR IVTS RWMH WLTS HUHJ HIJI,-1278.27,Retiro,2023-12-19
9692384,AE52 2666 5199 6622 6492 683,-6058.25,Retiro,2023-12-19
9210744,DE74 3486 6155 1643 2970 79,9041.59,Ingreso,2023-12-19
4348535,CR24 5198 2037 9442 5298 4,4265.57,Ingreso,2023-12-19
9323731,PS20 PLXD RMBM CMNA M30U DB3K 0HG8 L,-2905.87,Retiro,2023-12-19
36744,CH74 5050 4U4S BITC T8JQ A,9635.83,Ingreso,2023-12-19
1260424,LV50 AANV F0KO XJDZ IFKX K,-8157.75,Retiro,2023-12-19
9035343,KW31 FBKK QG7V GGNA YGX1 JXN7 JAK6 VH,6930.71,Ingreso,2023-12-19
1446951,PL95 4311 1042 4195 7952 0723 1256,6178.64,Ingreso,2023-12-19
2968554,DK78 2036 7286 2022 75,-8444.74,Retiro,2023-12-19
4835394,LI67 1044 1FAV XDUH 9LVN U,571.58,Ingreso,2023-12-19
4519794,VG85 ACVR 0066 2557 5985 5710,2793.53,Ingreso,2023-12-19
335400,SE36 6552 8770 6619 1625 2083,2345.73,Ingreso,2023-12-19
4499920,GL62 5670 7411 1066 21,-6696.82,Retiro,2023-12-19
8601969,IE62 WMGM 3811 2897 3255 11,-1467.36,Retiro,2023-12-19
8735742,CY78 6177 6313 AJIY 4GJG FJSA WIZK,8924.53,Ingreso,2023-12-19
2781718,ME80 7591 4136 5776 7169 34,-1787.09,Retiro,2023-12-19
7359072,SE08 5330 1824 7381 6481 0901,-9412.42,Retiro,2023-12-19
4714663,RO81 UQVL JJBO T04E MQS1 0ZWA,-3659.33,Retiro,2023-12-19
7294601,BA82 5450 4315 5338 9722,-5244.45,Retiro,2023-12-19
2057060,FR25 2793 4970 96FE L9ER J1VN W56,5361.68,Ingreso,2023-12-19
350079,KZ16 473F 5KTG EKT7 WRTU,4981.36,Ingreso,2023-12-19
9830450,FR18 7116 1441 44GW OJYS 3CL1 K24,-3453.99,Retiro,2023-12-19
6099925,SM96 L607 0181 177I 4XN6 09IH QAS,-7620.45,Retiro,2023-12-19
4847499,TR80 1589 4IGI NVI7 EZHT EVTN WI,-1332.32,Retiro,2023-12-19
4743228,CZ02 8191 0956 8330 8427 0597,-1243.94,Retiro,2023-12-19
4668818,CZ17 8630 1081 2046 3202 0446,-1405.08,Retiro,2023-12-19
7562422,LB85 8342 8TGA FZAJ EUJ3 D0L5 XUP8,5854.13,Ingreso,2023-12-19
9538245,MU67 FXVH 9366 7149 0698 1229 099H OW,-6023.06,Retiro,2023-12-19
3516569,CR46 7135 6710 2618 7383 6,-1608.17,Retiro,2023-12-19
2891933,FR66 3666 0307 08BD SFMZ XPGS L85,7098.55,Ingreso,2023-12-19
419934,KW17 MGBX TQIH ZQSN T4JN ENSQ IX10 YV,8054.65,Ingreso,2023-12-19
5773620,IE36 STGC 9513 2297 6069 56,-3532.66,Retiro,2023-12-19
8844491,SI52 8548 9619 6205 536,3780.25,Ingreso,2023-12-19
5510538,TR51 6814 3WKI URME SW5L BPSG 1R,-1680.67,Retiro,2023-12-19
2356592,IL95 2803 8391 5220 6146 019,2634.18,Ingreso,2023-12-19
6090572,FR72 6372 2452 67TU FQIP 7ZKY W91,6353.77,Ingreso,2023-12-19
7744334,MD42 PEA3 TEUP PYBQ X5EQ NRMM,-7323.17,Retiro,2023-12-19
6306217,DO78 KBAV 5749 6917 9894 0667 6874,2395.98,Ingreso,2023-12-19
1618297,EE75 4763 5683 9907 1080,-3695.54,Retiro,2023-12-19
7552152,LU95 837W 7RRZ RZ3W RNXP,4476.56,Ingreso,2023-12-19
2045995,CY19 2598 7581 ABRJ ZP52 AWJO 1YVO,7161.28,Ingreso,2023-12-19
7524645,PK66 MWAT ZGNZ I6PH RX1Z J2KC,-5801.7,Retiro,2023-12-19
711512,SE80 4984 3952 1166 7903 6022,-8529.79,Retiro,2023-12-19
8244180,RO44 VLVI N4FD RDYV A4R9 OY3R,-7637.45,Retiro,2023-12-19
9695688,FO10 9633 2105 5803 35,5374.86,Ingreso,2023-12-19
5766476,NL87 QMMQ 5060 0740 47,-1498.3,Retiro,2023-12-19
2666953,RO72 ASWJ ZNYP WTXA 1IGG 2EVO,5639.02,Ingreso,2023-12-19
7171241,AL75 3568 1759 GVPK RB1A I87B 2GQX,3530.65,Ingreso,2023-12-19
7026729,DK94 7802 2574 3165 31,5924.94,Ingreso,2023-12-19
2242075,ME05 8693 5501 9629 7333 05,-7550.54,Retiro,2023-12-19
1953606,RS62 5095 2243 8963 9144 40,471.57,Ingreso,2023-12-19
5633254,AT35 7115 0963 6690 3050,-4536.6,Retiro,2023-12-19
6780097,SE86 4656 7189 7649 8641 4942,6097.34,Ingreso,2023-12-19
9122660,HU19 8188 8500 3780 4597 0561 6231,490.15,Ingreso,2023-12-19
6094495,RS75 3209 1900 2711 9305 03,-3927.15,Retiro,2023-12-19
7528599,BH50 BKFL L4XX RD36 AOK1 BU,1166.33,Ingreso,2023-12-19
2238418,GR92 0476 813Y KYB7 FXJN ZBD1 QWS,-4250.04,Retiro,2023-12-19
6005637,CY04 9518 1969 PA7J AFHR GRQN HBJV,3302.74,Ingreso,2023-12-19
8220040,LI29 8728 7KGL ANYV CX1G O,1648.33,Ingreso,2023-12-19
7155293,KW04 MCXE KYHL DRPV ZRS5 W1OU GILQ JH,6403.63,Ingreso,2023-12-19
6710023,MT73 TDPX 1857 3LEY DFRS R31T YLFX PXW,4480.58,Ingreso,2023-12-19
8578748,IT48 E533 3091 699X WY5E FWW8 P6V,9112.51,Ingreso,2023-12-19
5584375,LB29 3439 VNO1 GNWO PQCL PDEE FKWM,9759.46,Ingreso,2023-12-19
4324280,BE89 3310 4650 9025,-587.82,Retiro,2023-12-19
4616748,MC43 2665 9943 15FG NCZO UWA4 L41,7500.81,Ingreso,2023-12-19
3350413,MC85 5411 0858 05VQ 8PXJ YB0X 046,-3764.49,Retiro,2023-12-19
1832279,GT14 TYOX PWWO 73P0 ZRYM T0EC UB8D,743.16,Ingreso,2023-12-19
1682111,SA25 23GJ WIUN TSIO 8YGO 5J3S,7098.26,Ingreso,2023-12-19
7299890,CZ72 3959 5354 6543 9324 8066,6881.89,Ingreso,2023-12-19
8255527,FR22 9030 0807 23XB L2UN DQDZ A27,6504.64,Ingreso,2023-12-19
6516756,PT16 2218 1802 1336 4760 1183 1,-6960.93,Retiro,2023-12-19
2608476,PK46 KKXQ QFN5 5LQL SPGO 41TL,-8947.72,Retiro,2023-12-19
2918632,FR28 7527 9914 41AU ALIU ZH2R 073,8151.06,Ingreso,2023-12-19
6221046,MR86 6238 4499 7778 0645 8492 810,394.46,Ingreso,2023-12-19
7258492,AT15 6366 6877 9165 7673,-5937.65,Retiro,2023-12-19
5346361,FR05 3682 3517 07IW 7P3L NKD8 H40,-7088.3,Retiro,2023-12-19
4646726,PL22 3488 5106 4554 3650 6566 5962,-912.05,Retiro,2023-12-19
2120452,LI98 3586 6JOG 26WF MIDG I,1914.7,Ingreso,2023-12-19
4906233,DE02 8833 5235 6177 6802 78,-3968.15,Retiro,2023-12-19
5564577,GR83 4732 844P ZGVV CCFB ROKJ GHN,-8706.46,Retiro,2023-12-19
5738242,FR75 1647 3649 60J5 A7NM 6S30 M23,-9963.09,Retiro,2023-12-19
3103594,ME31 7556 1759 2820 4334 78,-3.0,Retiro,2023-12-19
6784671,DO84 4F72 4333 3148 1605 4564 1594,5374.27,Ingreso,2023-12-19
6489138,BR71 8362 9958 2754 9247 0994 727M 1,3159.27,Ingreso,2023-12-19
6737242,CR20 5479 7142 0367 1088 7,-4439.63,Retiro,2023-12-19
1276107,FR77 1164 5508 24C7 4RDN IUH4 930,1613.85,Ingreso,2023-12-19
8921460,GL67 6873 5902 3114 27,9551.95,Ingreso,2023-12-19
9097742,TR98 0476 0HTI Y9SG K8HG N6WH SR,-3229.66,Retiro,2023-12-19
2150116,DO06 R1TJ 4013 5553 5165 3219 6363,-9935.24,Retiro,2023-12-19
3127093,AE20 8091 0679 0185 7678 760,2734.67,Ingreso,2023-12-19
3789266,KZ23 539U BKX8 9L4F R7UZ,-2922.8,Retiro,2023-12-19
8655543,FR36 0721 9314 12BU CDCQ LO47 Z93,9720.93,Ingreso,2023-12-19
3571497,FR34 6164 3480 180M QGB4 GYDD 691,6158.43,Ingreso,2023-12-19
9626835,PS97 ULVY 7BKU ACIZ DOTO RDYY XRWE X,-4746.18,Retiro,2023-12-19
1764507,TR56 2772 1QVN STII PIYN XY4C NO,8953.1,Ingreso,2023-12-19
4723053,CH87 7265 6K7E RE6A 12MQ M,-7409.78,Retiro,2023-12-19
4925745,SA67 19H5 Y5GO VZVF QFGY OEKP,2367.73,Ingreso,2023-12-19
1037329,KW77 OTBP IBRC BYDP LCYN GQE4 3EIS TP,8120.85,Ingreso,2023-12-19
2292284,GL30 4687 0884 5256 90,8649.29,Ingreso,2023-12-19
6870520,CY77 1495 5326 QIZ0 WST3 EAFC SQPL,9333.61,Ingreso,2023-12-19
6568695,CZ44 1209 9388 7244 6059 3324,3596.3,Ingreso,2023-12-19
5898610,AT42 6764 1358 2315 8066,-1827.72,Retiro,2023-12-19
5051687,AL13 8903 6941 SFI4 4SX3 NYE5 CKEV,1805.66,Ingreso,2023-12-19
5140645,HR47 8493 1170 1020 7761 9,6399.52,Ingreso,2023-12-19
845703,DO10 TFFJ 8004 3539 4378 7389 2969,-4197.88,Retiro,2023-12-19
4417375,NL77 NLNN 4862 7819 95,2661.76,Ingreso,2023-12-19
7730271,IT42 Y311 2564 254Q IIKE H2OT PUL,6818.87,Ingreso,2023-12-19
4666822,FR40 3475 5907 61BB YX7F 78C7 414,7701.33,Ingreso,2023-12-19
3166199,FR16 2014 4245 98QC APZY NC2V 279,7592.69,Ingreso,2023-12-19
1625561,FR37 2746 0253 59GD DTM9 1RQN M60,-5982.71,Retiro,2023-12-19
454456,GR56 6839 966J XHOL IRVH ZUS2 KXO,-2454.81,Retiro,2023-12-19
3704345,SA82 178S UKZN I11U U83Q TCB6,-7083.22,Retiro,2023-12-19
2966035,MK73 6961 HPCL 0OAW 928,5007.45,Ingreso,2023-12-19
8488065,AT84 2184 5348 5716 8805,-9866.14,Retiro,2023-12-19
6457629,FR85 1163 2219 21ML AQVE 1WSM R91,-9020.04,Retiro,2023-12-19
9869487,GE60 UI16 2464 3990 5966 90,-6043.35,Retiro,2023-12-19
7185442,ES93 3697 6167 0067 0391 8035,7545.75,Ingreso,2023-12-19
2578171,CY51 8909 4586 UX2Q MLAF H4IW TTTV,-1028.21,Retiro,2023-12-19
9146618,CY18 7923 0253 RTGV 5IYX KBBQ I62I,3412.41,Ingreso,2023-12-19
7492125,FR49 0770 6445 10OK XMUD AKIB 334,-2772.2,Retiro,2023-12-19
1193190,EE34 5414 4924 7076 3749,7289.31,Ingreso,2023-12-19
4232726,FR15 3503 9791 49TT DQ7X WBPP N29,5011.06,Ingreso,2023-12-19
9285002,NL75 SJDM 0755 4882 90,678.76,Ingreso,2023-12-19
1511433,BG79 OWVA 1323 27SA NNF7 DP,6186.58,Ingreso,2023-12-19
8503676,GT05 GECQ MUQP B0B5 ZY7B KY4T JQ6F,-954.57,Retiro,2023-12-19
4242078,FR25 4309 0268 657T 0NI2 GYX1 S98,6547.65,Ingreso,2023-12-19
3318916,HR83 6412 3916 6545 9326 7,5750.75,Ingreso,2023-12-19
3066661,FR88 7212 8360 67P3 DPNB CZAO S22,-7062.21,Retiro,2023-12-19
5959782,FR45 0404 1304 00BS N8BD MJJF E25,3865.37,Ingreso,2023-12-19
1173394,IL54 6792 1169 9410 8021 070,281.68,Ingreso,2023-12-19
8251873,MC80 4524 8819 20RF YLM0 FDQO B26,57.92,Ingreso,2023-12-19
8051153,FR68 5796 5800 62YA EKRF SIHF N54,-4012.32,Retiro,2023-12-19
5914940,CY48 2772 3144 L1PZ 35DM ZXIG A94Y,-8621.09,Retiro,2023-12-19
3551444,IT45 P274 8997 105I SWCM SWX7 OHQ,-6380.68,Retiro,2023-12-19
4428707,KZ88 305D UNEB M3EX 3CQE,-8594.7,Retiro,2023-12-19
9939341,NO62 9149 6703 633,-8165.35,Retiro,2023-12-19
3398181,FR79 3212 2437 90YR 3LFI E8XX G55,-4867.08,Retiro,2023-12-19
4506877,ES77 4392 2470 2655 5920 8452,4752.02,Ingreso,2023-12-19
1848955,EE51 2392 0824 5941 9433,8442.61,Ingreso,2023-12-19
4493836,MD03 8VEI NQRM S8U5 I2R2 Z3NR,-8146.32,Retiro,2023-12-19
3915508,CY61 6479 4650 BDN4 38ST YJBL G3PA,9578.3,Ingreso,2023-12-19
7086805,PK95 LVMO ZV7O 9XVR TKN9 E3Z2,-4243.63,Retiro,2023-12-19
5537276,FR70 0242 7448 68BY Y03N QYU1 F26,-9165.51,Retiro,2023-12-19
1945626,TR45 4832 51RN ATH7 I8BA LJRY D0,-3167.33,Retiro,2023-12-19
590340,GL34 7637 9049 9878 29,5706.65,Ingreso,2023-12-19
7240963,PT32 4813 3489 2952 8713 4572 2,5551.98,Ingreso,2023-12-19
3836125,DO26 O1VV 1882 4875 9786 6199 8811,-2620.44,Retiro,2023-12-19
8263196,CZ38 3014 6055 9222 3074 7463,-2637.66,Retiro,2023-12-19
7456798,PT14 8350 9908 9372 3231 3002 4,1089.13,Ingreso,2023-12-19
1203739,MU25 KLBR 9955 2902 5393 0176 314A IA,410.24,Ingreso,2023-12-19
3131884,SE68 6152 1401 8836 1411 1475,-8546.1,Retiro,2023-12-19
1569005,AL53 9342 3409 JGME CZZP FHNH EMUY,-3009.76,Retiro,2023-12-19
2784963,LB65 2809 JPRM NQNN XVZ4 BJRQ YNRF,825.0,Ingreso,2023-12-19
9948572,BH94 FYGE AJD4 MASV YIJG AL,-2064.62,Retiro,2023-12-19
3308979,BE14 4807 8029 4789,-6691.69,Retiro,2023-12-19
87814,SE60 6343 7972 8728 3850 4305,-8662.5,Retiro,2023-12-19
2431754,LV71 BDMD YTZH ISJE ZNDO H,7477.33,Ingreso,2023-12-19
1730850,DO91 IERI 8632 6945 9698 1974 6441,-7363.49,Retiro,2023-12-19
4080317,PK30 MJCF TXB9 9ROG 7EQL NKBC,-63.42,Retiro,2023-12-19
1353253,PT39 7548 4367 2351 5213 2715 3,4479.42,Ingreso,2023-12-19
4442190,BH67 INDJ QYIE WDQU H8GO HP,5016.18,Ingreso,2023-12-19
2147307,GI61 ATGZ GFQB 8J1Q DL9D 92F,2479.32,Ingreso,2023-12-19
6374227,ES29 7435 5329 1084 6259 0847,8009.6,Ingreso,2023-12-19
2136726,MC26 3342 6807 00TB GB8M DKJL T95,1092.06,Ingreso,2023-12-19
7426896,IE60 VTZX 8538 3070 0096 33,8398.22,Ingreso,2023-12-19
7179418,IL03 5458 2993 3457 9639 177,-9222.51,Retiro,2023-12-19
9321499,FR87 0674 8602 75GF NBAQ VD3A V46,-2860.28,Retiro,2023-12-19
3820369,BG71 CREE 5700 08RC YXKQ 0U,-4901.11,Retiro,2023-12-19
7870105,PS98 LKLW QONN RQHF QK3P JCUR R1UN S,-7825.45,Retiro,2023-12-19
3608996,CR74 1483 9371 9606 9647 5,-9404.34,Retiro,2023-12-19
5508686,PT54 7809 5708 9289 3952 9803 3,1849.13,Ingreso,2023-12-19
9395249,FR58 1834 1296 63ME TU7H Y1FH O13,9862.48,Ingreso,2023-12-19
8494321,TR23 2357 93TT LMXN RYZN 0HNB V5,7283.65,Ingreso,2023-12-19
4862615,VG88 FCNN 8043 6586 7353 1524,-5039.8,Retiro,2023-12-19
348617,PT49 9473 9064 1396 7483 5608 2,2768.88,Ingreso,2023-12-19
1279763,IT39 S512 7116 728R OFUJ B0V9 LEH,4795.38,Ingreso,2023-12-19
7517186,PK53 JTKE VGDI XON2 DUSD 4BHE,693.59,Ingreso,2023-12-19
4167387,MR75 8098 6279 9205 8140 7930 924,9030.33,Ingreso,2023-12-19
4194882,TN02 4843 0884 4099 8163 4570,-6639.28,Retiro,2023-12-19
7864089,LV38 HWXW ACVU Q0TZ TJIQ K,-5092.7,Retiro,2023-12-19
276764,FR43 1449 9619 65BA N8XY JVYZ E55,4715.82,Ingreso,2023-12-19
4009210,MU69 PXWX 2384 3365 8709 9294 175R DT,680.01,Ingreso,2023-12-19
8901195,KW95 YODZ GIHF IP2B NHYA NKH8 WIPQ QA,7339.97,Ingreso,2023-12-19
8343033,FO86 8231 5791 1033 01,-933.67,Retiro,2023-12-19
1378740,SK62 8868 6827 5750 2528 4210,4611.78,Ingreso,2023-12-19
4227640,CH18 2717 0WQZ HMGT LU98 9,2077.9,Ingreso,2023-12-19
8243158,FR81 3497 1498 05EB 7UCU HVMP P17,-7652.48,Retiro,2023-12-19
2050812,MD69 97WH EM6I VQEJ LNDD VQAH,842.45,Ingreso,2023-12-19
3166177,AD19 4674 3423 C8ET WMIK XVDN,-9195.96,Retiro,2023-12-19
3821310,KZ22 9316 KGZG NOWG FJK5,2918.12,Ingreso,2023-12-19
2034245,CR05 8105 3492 6210 6081 7,2099.87,Ingreso,2023-12-19
2441209,RO34 LTOF XICX TXHL DRQE 5NRY,2000.31,Ingreso,2023-12-19
1974060,AE66 5468 0142 9528 2535 986,-4221.55,Retiro,2023-12-19
2433599,TR63 7979 1XWI 1BPC MX63 HJVM EF,-7099.78,Retiro,2023-12-19
1182054,SE54 8365 0435 0942 6025 1362,-609.03,Retiro,2023-12-19
3002608,FI55 4427 7337 8707 04,-6450.29,Retiro,2023-12-19
750850,HR12 0741 3488 1649 6095 0,4153.23,Ingreso,2023-12-19
4783227,RS18 1332 3248 1571 8839 94,4103.57,Ingreso,2023-12-19
6905957,NO53 1535 3270 054,543.14,Ingreso,2023-12-19
9974863,AT32 0626 3016 4128 3705,9456.63,Ingreso,2023-12-19
9020718,FR31 9197 3271 03BS JHHN GDSU W56,8232.28,Ingreso,2023-12-19
9493726,FR29 3480 3231 07KF 1QKV BZOS Q31,7150.15,Ingreso,2023-12-19
6107972,PT56 9048 0051 0890 6313 7935 1,-1137.4,Retiro,2023-12-19
8925487,MK90 215T N8QE NQLF A06,4354.1,Ingreso,2023-12-19
5199770,RS16 2363 8232 1222 2525 72,7304.63,Ingreso,2023-12-19
6587544,FR48 9210 6831 01YK 8CMR YSK5 H19,5417.23,Ingreso,2023-12-19
1758626,PT27 5987 7377 4934 3644 0937 1,-993.46,Retiro,2023-12-19
2831065,FR06 0500 4123 27T8 PEAJ 3BBT 283,8679.07,Ingreso,2023-12-19
5197950,BG04 COFA 5793 51ET HAKE EF,7952.75,Ingreso,2023-12-19
4122245,MK19 899X NDOH 9NWG E12,4743.89,Ingreso,2023-12-19
301312,FR42 4831 9269 53SS REDE ZJEH E91,-2551.44,Retiro,2023-12-19
6673476,FR85 7063 3635 34UY 5TM4 6OOX W44,-1922.35,Retiro,2023-12-19
8471934,DE81 0645 5611 8761 5298 31,-3184.4,Retiro,2023-12-19
9592033,NL60 JNAX 1494 0024 79,6796.16,Ingreso,2023-12-19
9667923,FR39 6825 7579 01KR GCDD MQMV Y74,5132.09,Ingreso,2023-12-19
9003764,FR83 0157 8652 26KR LRVS 9YLV I07,-1799.16,Retiro,2023-12-19
2336536,IL87 6289 1072 5511 9095 453,-702.76,Retiro,2023-12-19
4879490,IL87 3130 7581 1090 8258 234,-4747.1,Retiro,2023-12-19
5994851,RS08 0637 0582 6360 3665 30,6622.12,Ingreso,2023-12-19
7337850,GE96 LB31 2232 7305 4667 41,-7360.85,Retiro,2023-12-19
5211043,GR85 4203 378E JUEP BCFZ JRST XQE,-754.45,Retiro,2023-12-19
516459,IE71 MQTD 3763 9878 0817 38,6109.86,Ingreso,2023-12-19
5160968,BA06 7521 6116 5340 9864,391.17,Ingreso,2023-12-19
3677042,TN80 9217 4501 4691 1668 0847,9222.77,Ingreso,2023-12-19
5387737,CZ89 6302 2574 0138 5789 8623,-4719.88,Retiro,2023-12-19
9638592,CZ25 7559 3941 1179 3495 3225,-5834.45,Retiro,2023-12-19
5907754,NL39 OEYI 3432 5205 93,8955.92,Ingreso,2023-12-19
5706563,LT69 0020 9812 3747 8504,4121.08,Ingreso,2023-12-19
2399789,AD81 0400 9604 UXFD OKC1 NPB9,1795.87,Ingreso,2023-12-19
6857014,ME41 7314 8912 6899 1834 71,-3947.29,Retiro,2023-12-19
9026749,BE82 5303 1564 6733,2895.15,Ingreso,2023-12-19
4005670,HU07 5282 7864 9944 3114 1586 1351,-1897.58,Retiro,2023-12-19
2643381,AT68 3775 2811 6889 9538,4343.61,Ingreso,2023-12-19
3378920,FR56 3172 3897 08DP JWBY FQCH Q88,8620.44,Ingreso,2023-12-19
3339365,GE76 GU75 7537 8508 5024 77,5891.32,Ingreso,2023-12-19
9103947,FR22 9928 9247 74ZJ X62G 1XXG U99,-1130.47,Retiro,2023-12-19
6838085,AL94 3411 3309 MJEJ Y5E8 G9ZX 5JVE,-3638.07,Retiro,2023-12-19
2300766,RS50 2292 1451 0007 5813 18,1421.93,Ingreso,2023-12-19
6632555,PS60 ZSZP JFTG AZPH U34G F5CM IRBL X,-37.27,Retiro,2023-12-19
7245449,DE08 8871 2684 7575 3432 65,3130.91,Ingreso,2023-12-19
8154311,CY63 3934 8071 YR0R AYQW NC9P E2UL,-9440.76,Retiro,2023-12-19
9862758,MD43 LMUJ 61TG AAQ5 AOBI DQZT,641.86,Ingreso,2023-12-19
4405219,EE25 3340 0092 3594 8093,9780.2,Ingreso,2023-12-19
4802189,PK13 JRQW OBIA 39WW TUB4 QLE5,4298.65,Ingreso,2023-12-19
48964,MR55 1826 9188 2717 6330 5096 678,-6407.39,Retiro,2023-12-19
5574468,MR28 8119 0554 5376 1857 0973 221,3025.09,Ingreso,2023-12-19
8032309,FR62 8885 4480 90OZ 3K1P KRMS 396,7311.48,Ingreso,2023-12-19
3272207,BA66 9422 8385 1952 4295,-1750.12,Retiro,2023-12-19
9204973,IE14 ACCD 6357 3914 5265 83,-4327.64,Retiro,2023-12-19
5701986,NL19 OGSC 5594 7959 71,16.96,Ingreso,2023-12-19
6030366,NO62 0435 2346 341,-6226.38,Retiro,2023-12-19
7139054,AE09 4541 3902 7863 6379 160,3104.13,Ingreso,2023-12-19
995407,PS85 QCMU WNIR 7RBM LORE VMXR U70M Q,-3636.55,Retiro,2023-12-19
4598962,VG56 XWWC 3601 5605 5184 5127,-6125.44,Retiro,2023-12-19
7819024,FR02 1913 4107 01OT VT37 QF32 J51,7623.03,Ingreso,2023-12-19
9917945,KW89 QNZF BX4J BZZT 10QU IU7P PYCU N4,881.58,Ingreso,2023-12-19
5061546,HR74 4557 6289 5988 6199 0,2667.49,Ingreso,2023-12-19
8269922,BR62 5607 8269 4247 4546 6321 979S L,1305.79,Ingreso,2023-12-19
3820096,FI45 1231 3432 8625 84,3911.71,Ingreso,2023-12-19
6194384,TN06 5442 3595 9484 0721 8131,-908.34,Retiro,2023-12-19
5334077,VG46 RUJR 2536 5062 4987 9000,1467.55,Ingreso,2023-12-19
2168998,GB54 TWEQ 0915 6453 2623 43,6878.75,Ingreso,2023-12-19
9905909,AE63 0085 2001 0788 9903 023,7857.91,Ingreso,2023-12-19
9218206,HR70 4864 3787 7365 6855 0,7050.93,Ingreso,2023-12-19
2373739,KZ61 063X E9DX NT5T DBGV,9553.69,Ingreso,2023-12-19
5324873,VG97 NVBJ 3504 0499 7260 2670,4626.85,Ingreso,2023-12-19
7588713,GT95 D18P J2PB MPTP CKFT PDV9 IY9P,-4329.7,Retiro,2023-12-19
9008901,AZ62 UOWR PGWJ ZZBL WPQF 09OS NMBU,-8455.18,Retiro,2023-12-19
2714403,FR69 2997 1105 92BG PJF0 WJ8A 283,7039.96,Ingreso,2023-12-19
8313442,FR55 4720 9305 02YB TDQU WL77 C46,4870.86,Ingreso,2023-12-19
7622252,VG11 RADP 5949 4201 2297 9545,4893.79,Ingreso,2023-12-19
6955127,MC67 2234 5340 35G9 2GKJ E36M 493,805.18,Ingreso,2023-12-19
3750931,PL74 5904 6215 7286 6100 2980 3525,6885.86,Ingreso,2023-12-19
8631617,FR58 1177 2311 84P4 SC2W B2CR 540,-7177.49,Retiro,2023-12-19
6616343,MT40 ZLJF 3009 3VW9 EKLM 1U4V BQY0 BIZ,8732.0,Ingreso,2023-12-19
7867009,ES43 5350 3416 2384 7840 4039,-764.72,Retiro,2023-12-19
4274306,KW07 LTML 102B 37DC W5WN 9S2U BYTV WE,-2206.12,Retiro,2023-12-19
823938,FR32 1818 0702 22TU SVM8 EA4V K38,-66.37,Retiro,2023-12-19
9054724,SK47 0023 8238 9652 0760 6794,422.99,Ingreso,2023-12-19
1980489,LV92 BYVU TZAU YP9Z ZKKV G,789.99,Ingreso,2023-12-19
2294971,GE47 VO92 2932 4180 8276 31,8891.87,Ingreso,2023-12-19
6556557,DO83 YX24 0204 1073 9179 4479 3090,-7950.1,Retiro,2023-12-19
9741322,LI03 5389 2SBQ JROS 9SJ4 M,4709.42,Ingreso,2023-12-19
8519660,LI14 6737 4VZZ 7EVU SNDE X,8475.06,Ingreso,2023-12-19
8312887,FR46 5469 8378 07X0 SVBV R2VB N46,1356.59,Ingreso,2023-12-19
4295715,AD12 2837 2959 717M EZP0 INAU,-8535.1,Retiro,2023-12-19
4864030,LV86 HLXH I1NH O5IM 349B O,874.17,Ingreso,2023-12-19
4099375,FR17 6971 7501 63NB YU73 WSWR W32,-5460.65,Retiro,2023-12-19
5410126,FR64 5991 5730 17QL AXO3 MERR E69,5797.23,Ingreso,2023-12-19
5028450,CR02 4681 7590 6010 0292 7,3382.07,Ingreso,2023-12-19
574417,MR56 8475 2845 8680 0892 1576 983,7401.67,Ingreso,2023-12-19
5417631,NO98 8118 5095 966,7017.66,Ingreso,2023-12-19
831725,RO69 GUFZ SEN3 5OA1 8UMV LZYR,6012.95,Ingreso,2023-12-19
3751800,GI97 LGLF Z3HY NHKX NLTX ESW,-584.8,Retiro,2023-12-19
9809941,FR15 2877 1714 369I VS9Z Y6CP Z06,1341.78,Ingreso,2023-12-19
9548798,CH45 6234 28U0 7OSK 0MRA 6,3117.54,Ingreso,2023-12-19
8457576,BA37 5780 0419 0580 9632,9159.0,Ingreso,2023-12-19
7746526,HR40 1750 3391 7193 3804 4,-8232.88,Retiro,2023-12-19
2204572,LU75 904Z LSJD 0FUB FL3Y,917.03,Ingreso,2023-12-19
3059894,LT21 2605 7009 6596 1107,3126.05,Ingreso,2023-12-19
7216786,DK62 2036 1153 7985 43,-5846.89,Retiro,2023-12-19
6440129,LV92 YHHW FFSZ HTK7 Q3PM T,5413.72,Ingreso,2023-12-19
4261163,SK32 7472 4047 6448 1781 5887,-5825.91,Retiro,2023-12-19
7582309,HU06 5056 1660 0579 9084 7061 5889,5701.41,Ingreso,2023-12-19
3619819,SK38 3962 9327 3355 4904 5382,5100.43,Ingreso,2023-12-19
607906,MU41 AFWE 6189 9242 1895 4555 305C RA,-9241.9,Retiro,2023-12-19
35937,FR72 4149 9063 82J0 7TBR 6KTA P55,1880.8,Ingreso,2023-12-19
7260604,IL21 7984 3885 6812 8489 452,4314.67,Ingreso,2023-12-19
8475778,DE31 9743 5565 6287 6813 53,-5196.27,Retiro,2023-12-19
822081,IL15 8613 4726 1123 9827 889,-6021.57,Retiro,2023-12-19
1507788,SA93 7584 LJ5W IWXM WBOC LQMG,995.54,Ingreso,2023-12-19
9533151,SI32 9219 3670 9890 973,-5719.42,Retiro,2023-12-19
7619926,LU80 715S WLAZ M55F RGTA,2712.36,Ingreso,2023-12-19
9235146,FR42 3250 9411 51HN LXBB DZJ1 U20,-6171.88,Retiro,2023-12-19
8442008,MK37 273N NUVQ TU5Y I04,-3592.61,Retiro,2023-12-19
6711451,AD84 6902 0062 1TTQ 6AUQ XFMT,-958.56,Retiro,2023-12-19
1782509,TR22 7378 2TY5 JKXH SFRC NMEH 8Z,5715.02,Ingreso,2023-12-19
6234600,SA76 60LJ ZLYN TFIN 3TPU 3RNR,-266.63,Retiro,2023-12-19
2988791,EE06 0708 5111 0408 9520,2025.02,Ingreso,2023-12-19
8626086,IE65 KUZT 0610 6715 7337 28,3694.36,Ingreso,2023-12-19
1279524,LT92 6643 8107 0005 7706,-6790.17,Retiro,2023-12-19
9020235,BE74 8837 3363 7751,4253.92,Ingreso,2023-12-19
8337217,TN23 8410 6868 2332 2529 0972,5312.14,Ingreso,2023-12-19
7210721,LT44 3811 4137 1522 2866,-3185.7,Retiro,2023-12-19
3132904,FR38 9921 1172 71GB 1POI AUKM X95,5685.41,Ingreso,2023-12-19
3324551,GR42 0247 181A OMPP BYIP 1DEX PCJ,3745.67,Ingreso,2023-12-19
8147137,PK05 WIRX EVQP Z55S PHLE 7QEY,-6291.26,Retiro,2023-12-19
1787198,FR79 0757 3681 70VD EWID YTVF Z45,3088.48,Ingreso,2023-12-19
1642874,GL11 1798 6889 8718 27,-9613.56,Retiro,2023-12-19
4749838,FR28 1540 4531 57N0 TJBD UYH1 Q67,5114.03,Ingreso,2023-12-19
4163840,IT60 R547 5653 1255 DT7A H8EW S57,8834.48,Ingreso,2023-12-19
9714028,FR61 9486 4163 35FA EDAQ H9QH R99,-2052.09,Retiro,2023-12-19
9294842,SI49 8251 9575 1072 814,603.68,Ingreso,2023-12-19
7166528,AL03 3922 8738 DKUM K0ZX 6RSK R4WL,-3709.34,Retiro,2023-12-19
8040012,PS03 KOMH B7LR 6PBJ SYSO U7AN 8SCE Q,1010.93,Ingreso,2023-12-19
2524255,FI18 4368 9273 9474 10,-3652.12,Retiro,2023-12-19
4300490,SI25 4464 1506 5866 046,-7764.78,Retiro,2023-12-19
4631021,MR49 4862 3995 3038 2293 4457 120,-1317.46,Retiro,2023-12-19
9054096,FR23 6545 2254 45WW YS5Z J71U M28,-8528.18,Retiro,2023-12-19
8068608,SK18 8720 2034 6112 3353 9307,9275.3,Ingreso,2023-12-19
1078636,PK62 CDMV IL3L U1D2 SMFR C3DB,-790.99,Retiro,2023-12-19
9618519,CH51 4050 6Y7Q 0KTM M4Z2 Q,-2430.82,Retiro,2023-12-19
9421192,DK42 2117 2376 7526 01,-3732.01,Retiro,2023-12-19
4182586,HU92 6930 5561 5028 7750 4117 8712,6359.36,Ingreso,2023-12-19
2446270,FR15 5410 2616 94ZD 0DNU 94KH J36,-8751.63,Retiro,2023-12-19
7151244,FR57 7069 6657 05XR XYX0 GOQX Q90,3496.54,Ingreso,2023-12-19
7145799,LB81 1828 VACS QKIC DFIF BZLD N8Y5,-8579.37,Retiro,2023-12-19
3957617,CH29 0432 3GIL NQGA 0PA7 N,2729.98,Ingreso,2023-12-19
513615,SE85 1086 7341 3513 6462 4325,3470.08,Ingreso,2023-12-19
3144639,FR21 6709 9973 61FM N5VI 9IAD 884,-8643.62,Retiro,2023-12-19
8212098,FR04 0067 7813 52ES 7YUT DDLW Q36,-6605.26,Retiro,2023-12-19
5370621,AL30 8799 7097 QGN2 GMJP 5FDO OPBW,-1034.41,Retiro,2023-12-19
6908689,KW68 CSRX TPSI K0WC JQJZ LCS6 KGDO 2Y,-7174.54,Retiro,2023-12-19
1488863,LV75 EMTY XOCL L9K6 MLLK U,1265.73,Ingreso,2023-12-19
2203397,FR02 0630 7164 79PI VPLS CUQ1 F04,1763.52,Ingreso,2023-12-19
5332121,FR04 8313 6318 30LQ CYDR 26SA G20,-5656.96,Retiro,2023-12-19
3341741,LV61 CFWT I7HE F4BY 4FNX D,4117.96,Ingreso,2023-12-19
9817904,MT55 VVNP 4434 171C 4QVA PIRL QOVW JDC,-5150.34,Retiro,2023-12-19
6532419,GR86 0967 705L 4AYP XS01 OUSD 6LD,8175.16,Ingreso,2023-12-19
4728397,LV60 OGXU N96P 5O0D GZDN Z,-2764.76,Retiro,2023-12-19
4888809,FI96 3144 7378 6221 02,-9494.68,Retiro,2023-12-19
1986005,ME49 5356 0917 7481 9778 10,8845.32,Ingreso,2023-12-19
9652381,RS82 4201 7608 4946 4899 43,7801.79,Ingreso,2023-12-19
7580790,FR61 5811 9670 77DH 4ORF 5UVW 132,-3182.98,Retiro,2023-12-19
4755309,CY40 8295 4054 JJDU KXAE 51GR JRMF,131.91,Ingreso,2023-12-19
4015296,MC51 8547 3674 58XW TVY6 D4PN H06,6464.63,Ingreso,2023-12-19
9230804,AE39 0076 9412 9804 4750 726,9185.99,Ingreso,2023-12-19
9663562,AE64 8159 8074 7361 3118 467,-3939.24,Retiro,2023-12-19
2189033,VG68 JJTF 2590 6829 3575 8650,6197.25,Ingreso,2023-12-19
4002274,AT55 3725 3345 2278 7413,6773.78,Ingreso,2023-12-19
7513695,FO72 2273 4901 8290 59,5889.83,Ingreso,2023-12-19
2255379,FR59 4663 1169 45SW T87W IIAV 093,-5929.71,Retiro,2023-12-19
8936488,SA77 71HE GNHK OLJW PE0F C2CU,486.35,Ingreso,2023-12-19
2953809,FR65 5580 0132 79LI OZX9 KSGE A70,-7904.18,Retiro,2023-12-19
9357134,ES11 2165 5563 0772 8803 7508,3810.17,Ingreso,2023-12-19
1874080,MC26 3000 1194 24RE AMT7 KX4L O69,3767.02,Ingreso,2023-12-19
5927256,MT71 GNFS 8439 1QOB YG7N MOFX ASY8 5GH,53.54,Ingreso,2023-12-19
6407069,FR77 3656 3263 98XU 1RSQ HDAX R85,2374.74,Ingreso,2023-12-19
9336343,FR11 0819 5546 25DZ ELQR BINH 946,2326.16,Ingreso,2023-12-19
3283451,KW90 TIUQ DTM2 TS8T 0SPR FPLP NQ86 DF,1936.51,Ingreso,2023-12-19
3603363,MK54 788T IY5W RRCY Q35,4043.18,Ingreso,2023-12-19
3433564,SI84 4556 8056 1304 073,4074.06,Ingreso,2023-12-19
6556062,MD89 KHWZ SO45 KIQG UXH2 BDKV,-6508.47,Retiro,2023-12-19
9919404,FR61 0119 5055 116N UWVM GEBT O07,7556.21,Ingreso,2023-12-19
7217735,FR65 2770 0995 39UO MW86 SX1H T83,-3213.27,Retiro,2023-12-19
3807008,GI20 ACOO FJOO 6DRD VHSE PJV,795.07,Ingreso,2023-12-19
2121002,EE50 8186 0549 3640 9697,-7864.72,Retiro,2023-12-19
9189926,BR40 0541 4761 2070 9056 2568 186V P,-7783.13,Retiro,2023-12-19
4421322,HU24 4367 1206 6378 0832 6258 7494,3824.75,Ingreso,2023-12-19
3614603,FR27 6450 1912 29ZJ 32LT AWXI S10,1225.93,Ingreso,2023-12-19
6850342,PL51 1012 5249 5816 8576 1623 5404,-3485.14,Retiro,2023-12-19
6427034,FR65 9272 7990 88RA EZZ5 ZHPE H07,3336.39,Ingreso,2023-12-19
9246459,AT04 2549 2928 4709 9868,1692.35,Ingreso,2023-12-19
6191991,BR29 4776 1781 3556 5266 3827 926A F,4109.18,Ingreso,2023-12-19
7240376,VG93 OGAG 7051 8905 5636 9508,3820.59,Ingreso,2023-12-19
777505,LT44 5188 5630 2104 0196,8973.11,Ingreso,2023-12-19
635080,AE89 1550 0784 6102 0194 169,-5214.02,Retiro,2023-12-19
8605614,FR03 2546 9483 06P5 GK4D BNR2 C07,-1376.0,Retiro,2023-12-19
1153503,EE45 9808 2232 1195 9242,5837.22,Ingreso,2023-12-19
3942990,GL18 2442 9038 8863 00,6830.01,Ingreso,2023-12-19
5665451,FR03 2288 7280 55CI WPNL G2RO B04,-6043.31,Retiro,2023-12-19
6371737,ES06 4699 4739 6121 0965 6106,7692.18,Ingreso,2023-12-19
776855,GR97 7733 303I OJCY A5YP 1PDD BSD,-4077.79,Retiro,2023-12-19
6688020,SI57 1111 2381 2725 606,6402.28,Ingreso,2023-12-19
8773334,BR74 9394 3552 9388 5947 6926 076R 4,2621.16,Ingreso,2023-12-19
1032995,ES81 5038 9829 5047 6705 2222,6406.93,Ingreso,2023-12-19
3109321,PS06 ZLNW E52N VYXD 1YJ7 SBBM XPBB P,-8138.27,Retiro,2023-12-19
7883100,PS50 PGUS 404A ASMQ SMBB UAWT CKUY L,-4093.61,Retiro,2023-12-19
1541599,PK06 FCXF JQAZ CMEK W9VV ALUY,8488.82,Ingreso,2023-12-19
5904436,LI88 5907 3KWS 0XJH PPFU A,4328.79,Ingreso,2023-12-19
6148588,RO59 POGG X9JU W1RR CRDK LFHI,-5690.42,Retiro,2023-12-19
7652562,GR32 0626 393B 5XFO UIJS HHCJ UUH,9017.45,Ingreso,2023-12-19
6107315,SI96 0461 6975 5774 495,-7640.67,Retiro,2023-12-19
8123667,GR80 1527 523A ERTG 2VJN JHHB NKH,1890.78,Ingreso,2023-12-19
6750689,LI29 2740 3OOS EPBI 6TXV S,-857.12,Retiro,2023-12-19
9072856,ES21 0640 3956 1449 6043 7313,-6841.07,Retiro,2023-12-19
2311845,BH95 FSAO RWH3 ATUW FE6D 3I,-6124.69,Retiro,2023-12-19
1083275,HU09 0919 8317 1763 2875 6034 1105,-4307.44,Retiro,2023-12-19
271980,PL59 1957 0936 1934 2009 6193 7624,3143.55,Ingreso,2023-12-19
9099023,IL70 9309 4562 5247 8850 341,3948.98,Ingreso,2023-12-19
4194350,MT71 RDPW 9102 1EQW O6ZB 5QST 6ISM AMA,7058.29,Ingreso,2023-12-19
5028668,MU03 NDQT 4047 3560 9939 8780 377I QX,-3073.95,Retiro,2023-12-19
4487441,MC13 8883 3870 60XI YM6M UCLC Y28,5268.22,Ingreso,2023-12-19
9546010,SE77 9777 9370 3111 5543 8835,5079.75,Ingreso,2023-12-19
5301281,BR95 5794 5518 6305 4788 2887 423P S,438.25,Ingreso,2023-12-19
1881145,FR53 5844 7538 66LT PF2A JYG4 C58,-159.84,Retiro,2023-12-19
8760748,TR89 9462 5LA9 7MB5 PSN1 SJ2U QR,3500.03,Ingreso,2023-12-19
3163714,MT68 PDHG 1595 0VZU BAQ7 7GBZ LUF0 RO9,-5889.48,Retiro,2023-12-19
2542547,FR61 4440 8353 35VN OWYR MLXH W79,3070.27,Ingreso,2023-12-19
9140013,FR85 9196 9305 32WT 3QDK KHP1 Q31,5192.16,Ingreso,2023-12-19
5167421,BR83 2570 8621 4206 8140 0235 642V T,-6749.56,Retiro,2023-12-19
8244942,GR90 3119 263I WKIH BNMG MFKK SXL,5267.24,Ingreso,2023-12-19
1277982,EE67 6321 5106 4165 8062,-5131.44,Retiro,2023-12-19
1661707,IL90 8883 2118 1527 9001 034,3347.42,Ingreso,2023-12-19
1607144,DK82 6954 7748 8323 20,3590.95,Ingreso,2023-12-19
65052,FR12 6106 2968 91UE LDQU XLLS Y14,-9624.45,Retiro,2023-12-19
1154896,HU46 8161 2037 3928 0335 7929 7819,7890.43,Ingreso,2023-12-19
7798334,GI98 OQMX VMJX EISE HBKQ BJK,-3679.93,Retiro,2023-12-19
8218674,GR83 0353 377V NUBA Z64E QUMY U5A,-3050.75,Retiro,2023-12-19
3345022,LT18 4476 7900 5209 6809,7696.21,Ingreso,2023-12-19
977943,GE26 IV36 8089 0989 8961 21,-1613.24,Retiro,2023-12-19
4151231,GE34 CL64 2763 2278 5476 75,5786.9,Ingreso,2023-12-19
4575253,FR57 7739 1479 76XV DORO WHFR D80,-166.69,Retiro,2023-12-19
3328313,KW76 XWAP UW91 X37D NSJG RQ0T Q5TZ GW,-9905.86,Retiro,2023-12-19
8051090,PK70 JLMF JUNW BLJQ 4YE9 DXU8,2053.55,Ingreso,2023-12-19
6915896,FR29 1241 4741 60CX EBCO BWUP R17,2418.26,Ingreso,2023-12-19
1348427,AL07 2244 1680 YNRV RY9C QN45 DMY9,2128.78,Ingreso,2023-12-19
5866390,VG16 YCLR 1368 6438 0874 5326,7512.04,Ingreso,2023-12-19
2518698,FR94 3353 5466 60SK 18ZY OZ1H R90,-9767.83,Retiro,2023-12-19
6836423,FR15 3297 7435 26I6 ZGEY 7BKV D63,4476.51,Ingreso,2023-12-19
2159830,CR86 6107 2160 1723 4908 2,-981.56,Retiro,2023-12-19
4537141,KZ52 354U ZTKC SUMB ADH7,-9310.51,Retiro,2023-12-19
8641972,AT37 0638 7087 3143 6885,-244.29,Retiro,2023-12-19
6176318,MC25 4912 8487 68P0 LGEJ 0GQG V38,6175.52,Ingreso,2023-12-19
3247694,CY07 2579 5891 9ZQA TIJV ELAN ZHEF,1236.7,Ingreso,2023-12-19
7717189,BH20 RFQS Q3QW X1WZ LX2T Z8,5960.02,Ingreso,2023-12-19
2592382,MR86 2270 2978 0657 4607 9440 195,-344.03,Retiro,2023-12-19
5240765,SK54 4507 9933 5873 4781 7522,-7590.07,Retiro,2023-12-19
3155321,LB07 6992 6HOR DJSO IXDN CEUS TUEH,113.61,Ingreso,2023-12-19
4287646,HU02 7861 8569 0257 2567 9245 8709,-2285.06,Retiro,2023-12-19
2653610,DO83 LMVY 1164 7705 1633 1070 6678,4574.77,Ingreso,2023-12-19
751273,MD66 SRYO LO2G YIGL PNKA TRN6,-5347.09,Retiro,2023-12-19
3725936,DO14 5SY3 7647 8861 1425 8931 1616,-9838.62,Retiro,2023-12-19
801034,GB56 ILFS 4692 7741 6022 10,7400.59,Ingreso,2023-12-19
7208963,PS92 YNSJ JLKF T1TV RLZX KFGC VBU9 Z,-1216.34,Retiro,2023-12-19
7688478,FR02 3566 4263 16OG PB9N VHDL A82,1285.76,Ingreso,2023-12-19
4097330,GR24 1659 412V TWHB 6EBV IDQW A8Y,-2054.23,Retiro,2023-12-19
8351337,LV28 XWEY EMOP QYKY U4CY Y,5946.85,Ingreso,2023-12-19
